Title,Author,Rating
"The Hunger Games (The Hunger Games, #1)",Suzanne Collins,"4.35 avg rating — 9,638,928 ratings"
Pride and Prejudice,Jane Austen,"4.29 avg rating — 4,657,406 ratings"
To Kill a Mockingbird,Harper Lee,"4.26 avg rating — 6,714,763 ratings"
"Harry Potter and the Order of the Phoenix (Harry Potter, #5)",J.K. Rowling,"4.50 avg rating — 3,705,625 ratings"
The Book Thief,Markus Zusak,"4.39 avg rating — 2,812,521 ratings"
"Twilight (The Twilight Saga, #1)",Stephenie Meyer,"3.67 avg rating — 7,149,992 ratings"
Animal Farm,George Orwell,"4.01 avg rating — 4,383,075 ratings"
J.R.R. Tolkien 4-Book Boxed Set: The Hobbit and The Lord of the Rings,J.R.R. Tolkien,"4.61 avg rating — 141,877 ratings"
"The Chronicles of Narnia (The Chronicles of Narnia, #1-7)",C.S. Lewis,"4.28 avg rating — 696,007 ratings"
The Fault in Our Stars,John Green,"4.12 avg rating — 5,600,790 ratings"
The Picture of Dorian Gray,Oscar Wilde,"4.13 avg rating — 1,795,580 ratings"
The Giving Tree,Shel Silverstein,"4.38 avg rating — 1,213,126 ratings"
Wuthering Heights,Emily Brontë,"3.90 avg rating — 1,967,653 ratings"
"The Lightning Thief (Percy Jackson and the Olympians, #1)",Rick Riordan,"4.31 avg rating — 3,350,318 ratings"
"Harry Potter and the Order of the Phoenix (Harry Potter, #5)",J.K. Rowling,"4.50 avg rating — 3,705,625 ratings"
Gone with the Wind,Margaret Mitchell,"4.31 avg rating — 1,247,342 ratings"
The Perks of Being a Wallflower,Stephen Chbosky,"4.24 avg rating — 1,955,848 ratings"
The Little Prince,Antoine de Saint-Exupéry,"4.33 avg rating — 2,388,632 ratings"
Jane Eyre,Charlotte Brontë,"4.16 avg rating — 2,268,464 ratings"
The Great Gatsby,F. Scott Fitzgerald,"3.93 avg rating — 5,756,529 ratings"
Crime and Punishment,Fyodor Dostoevsky,"4.28 avg rating — 1,032,238 ratings"
"The Da Vinci Code (Robert Langdon, #2)",Dan    Brown,"3.93 avg rating — 2,481,774 ratings"
Alice’s Adventures in Wonderland / Through the Looking-Glass,Lewis Carroll,"4.06 avg rating — 599,321 ratings"
"Divergent (Divergent, #1)",Veronica Roth,"4.13 avg rating — 4,300,007 ratings"
Memoirs of a Geisha,Arthur Golden,"4.16 avg rating — 2,086,573 ratings"
Les Misérables,Victor Hugo,"4.21 avg rating — 832,284 ratings"
The Alchemist,Paulo Coelho,"3.92 avg rating — 3,449,525 ratings"
"Anne of Green Gables (Anne of Green Gables, #1)",L.M. Montgomery,"4.32 avg rating — 1,084,324 ratings"
Lord of the Flies,William Golding,"3.70 avg rating — 3,128,886 ratings"
Romeo and Juliet,William Shakespeare,"3.74 avg rating — 2,775,541 ratings"
Brave New World,Aldous Huxley,"really liked it4.00 avg rating — 2,193,272 ratings"
"The Hitchhiker’s Guide to the Galaxy (Hitchhiker's Guide to the Galaxy, #1)",Douglas Adams,"4.22 avg rating — 1,976,326 ratings"
"City of Bones (The Mortal Instruments, #1)",Cassandra Clare,"4.07 avg rating — 2,134,110 ratings"
The Help,Kathryn Stockett,"4.47 avg rating — 2,970,277 ratings"
Dracula,Bram Stoker,"4.02 avg rating — 1,421,612 ratings"
Charlotte’s Web,E.B. White,"4.21 avg rating — 2,000,887 ratings"
Fahrenheit 451,Ray Bradbury,"3.97 avg rating — 2,734,927 ratings"
Of Mice and Men,John Steinbeck,"3.89 avg rating — 2,762,825 ratings"
"Ender’s Game (Ender's Saga, #1)",Orson Scott Card,"4.31 avg rating — 1,453,188 ratings"
The Catcher in the Rye,J.D. Salinger,"3.80 avg rating — 3,813,679 ratings"
1984,George Orwell,"4.20 avg rating — 5,259,128 ratings"
One Hundred Years of Solitude,Gabriel García Márquez,"4.12 avg rating — 1,075,263 ratings"
"Little Women (Little Women, #1)",Louisa May Alcott,"4.17 avg rating — 2,402,207 ratings"
A Thousand Splendid Suns,Khaled Hosseini,"4.45 avg rating — 1,690,084 ratings"
The Outsiders,S.E. Hinton,"4.14 avg rating — 1,547,186 ratings"
The Secret Garden,Frances Hodgson Burnett,"4.16 avg rating — 1,267,738 ratings"
The Princess Bride,William Goldman,"4.27 avg rating — 938,403 ratings"
"A Game of Thrones (A Song of Ice and Fire, #1)",George R.R. Martin,"4.45 avg rating — 2,682,091 ratings"
The Time Traveler's Wife,Audrey Niffenegger,"really liked it4.00 avg rating — 1,845,308 ratings"
"Harry Potter and the Deathly Hallows (Harry Potter, #7)",J.K. Rowling,"4.62 avg rating — 4,023,437 ratings"
The Odyssey,Homer,"3.83 avg rating — 1,161,353 ratings"
Frankenstein: The 1818 Text,Mary Wollstonecraft Shelley,"3.89 avg rating — 1,780,883 ratings"
"A Wrinkle in Time (Time Quintet, #1)",Madeleine L'Engle,"3.97 avg rating — 1,265,812 ratings"
The Kite Runner,Khaled Hosseini,"4.35 avg rating — 3,415,016 ratings"
"The Giver (The Giver, #1)",Lois Lowry,"4.12 avg rating — 2,743,096 ratings"
"The Handmaid’s Tale (The Handmaid's Tale, #1)",Margaret Atwood,"4.15 avg rating — 2,337,596 ratings"
"Harry Potter and the Prisoner of Azkaban (Harry Potter, #3)",J.K. Rowling,"4.58 avg rating — 4,699,336 ratings"
Where the Wild Things Are,Maurice Sendak,"4.25 avg rating — 1,044,507 ratings"
Dune (Dune #1),Frank Herbert,"4.28 avg rating — 1,578,632 ratings"
Green Eggs and Ham,Dr. Seuss,"4.31 avg rating — 832,487 ratings"
The Lovely Bones,Alice Sebold,"3.86 avg rating — 2,442,842 ratings"
The Adventures of Huckleberry Finn,Mark Twain,"3.83 avg rating — 1,321,588 ratings"
Life of Pi,Yann Martel,"3.94 avg rating — 1,731,575 ratings"
Lolita,Vladimir Nabokov,"3.87 avg rating — 922,865 ratings"
A Tale of Two Cities,Charles Dickens,"3.88 avg rating — 998,633 ratings"
"The Girl With the Dragon Tattoo (Millennium, #1)",Stieg Larsson,"4.17 avg rating — 3,388,036 ratings"
Slaughterhouse-Five,Kurt Vonnegut Jr.,"4.10 avg rating — 1,455,758 ratings"
The Bell Jar,Sylvia Plath,"4.05 avg rating — 1,164,221 ratings"
Water for Elephants,Sara Gruen,"4.11 avg rating — 1,683,689 ratings"
Matilda,Roald Dahl,"4.33 avg rating — 1,079,142 ratings"
"Harry Potter and the Philosopher’s Stone (Harry Potter, #1)",J.K. Rowling,"4.47 avg rating — 11,109,578 ratings"
The Stand,Stephen        King,"4.35 avg rating — 817,121 ratings"
Catch-22,Joseph Heller,"3.99 avg rating — 875,274 ratings"
"The Adventures of Sherlock Holmes (Sherlock Holmes, #3)",Arthur Conan Doyle,"4.30 avg rating — 321,176 ratings"
"The Pillars of the Earth (Kingsbridge, #1)",Ken Follett,"4.35 avg rating — 812,399 ratings"
Rebecca,Daphne du Maurier,"4.25 avg rating — 701,411 ratings"
"Watership Down (Watership Down, #1)",Richard  Adams,"4.09 avg rating — 500,146 ratings"
Great Expectations,Charles Dickens,"3.80 avg rating — 859,785 ratings"
The Color Purple,Alice Walker,"4.27 avg rating — 739,433 ratings"
"Outlander (Outlander, #1)",Diana Gabaldon,"4.26 avg rating — 1,134,855 ratings"
Anna Karenina,Leo Tolstoy,"4.10 avg rating — 909,833 ratings"
One Flew Over the Cuckoo’s Nest,Ken Kesey,"4.20 avg rating — 769,404 ratings"
"The Fellowship of the Ring (The Lord of the Rings, #1)",J.R.R. Tolkien,"4.40 avg rating — 3,064,118 ratings"
My Sister’s Keeper,Jodi Picoult,"4.11 avg rating — 1,265,581 ratings"
The Brothers Karamazov,Fyodor Dostoevsky,"4.39 avg rating — 371,956 ratings"
To Kill a Mockingbird,Harper Lee,"4.26 avg rating — 6,714,763 ratings"
A Tree Grows in Brooklyn,Betty  Smith,"4.30 avg rating — 501,176 ratings"
A Clockwork Orange,Anthony Burgess,"really liked it4.00 avg rating — 755,882 ratings"
The Road,Cormac McCarthy,"really liked it4.00 avg rating — 1,006,469 ratings"
"The Golden Compass (His Dark Materials, #1)",Philip Pullman,"4.03 avg rating — 1,597,300 ratings"
"Vampire Academy (Vampire Academy, #1)",Richelle Mead,"4.10 avg rating — 674,593 ratings"
Siddhartha,Hermann Hesse,"4.08 avg rating — 851,216 ratings"
"Harry Potter and the Goblet of Fire (Harry Potter, #4)",J.K. Rowling,"4.57 avg rating — 4,086,063 ratings"
"Angela’s Ashes (Frank McCourt, #1)",Frank McCourt,"4.15 avg rating — 652,073 ratings"
Don Quixote,Miguel de Cervantes Saavedra,"3.91 avg rating — 298,268 ratings"
And Then There Were None,Agatha Christie,"4.28 avg rating — 1,553,543 ratings"
The Old Man and the Sea,Ernest Hemingway,"3.81 avg rating — 1,272,106 ratings"
The Poisonwood Bible,Barbara Kingsolver,"4.11 avg rating — 781,948 ratings"
The Complete Stories and Poems,Edgar Allan Poe,"4.40 avg rating — 292,091 ratings"
"Interview with the Vampire (The Vampire Chronicles, #1)",Anne Rice,"4.02 avg rating — 635,714 ratings"
Atlas Shrugged,Ayn Rand,"3.69 avg rating — 403,410 ratings"
"Winnie-the-Pooh (Winnie-the-Pooh, #1)",A.A. Milne,"4.38 avg rating — 390,620 ratings"
"The Notebook (The Notebook, #1)",Nicholas Sparks,"4.16 avg rating — 1,813,939 ratings"
"Harry Potter and the Half-Blood Prince (Harry Potter, #6)",J.K. Rowling,"4.58 avg rating — 3,576,645 ratings"
The Elephant Tree,R.D. Ronald,"3.86 avg rating — 36,513 ratings"
Fahrenheit 451,Ray Bradbury,"3.97 avg rating — 2,734,927 ratings"
"Harry Potter and the Sorcerer's Stone (Harry Potter, #1)",J.K. Rowling,"4.47 avg rating — 11,109,578 ratings"
The Girl Who Played with Fire (Millennium #2),Stieg Larsson,"4.26 avg rating — 972,030 ratings"
"The Shining (The Shining, #1)",Stephen        King,"4.28 avg rating — 1,656,780 ratings"
"Moby-Dick or, The Whale",Herman Melville,"3.56 avg rating — 604,599 ratings"
The Zombie Room,R.D. Ronald,"3.89 avg rating — 36,862 ratings"
A Prayer for Owen Meany,John Irving,"4.24 avg rating — 333,045 ratings"
The Stranger,Albert Camus,"4.03 avg rating — 1,327,193 ratings"
Gone Girl,Gillian Flynn,"4.14 avg rating — 3,370,501 ratings"
"Clockwork Angel (The Infernal Devices, #1)",Cassandra Clare,"4.31 avg rating — 868,004 ratings"
"Harry Potter and the Chamber of Secrets (Harry Potter, #2)",J.K. Rowling,"4.43 avg rating — 4,367,993 ratings"
"The Hobbit, or There and Back Again",J.R.R. Tolkien,"4.29 avg rating — 4,360,764 ratings"
A Story of Yesterday,Sergio Cobo,"4.53 avg rating — 16,973 ratings"
It,Stephen        King,"4.24 avg rating — 1,232,321 ratings"
The Secret Life of Bees,Sue Monk Kidd,"4.10 avg rating — 1,339,776 ratings"
The Metamorphosis,Franz Kafka,"3.90 avg rating — 1,350,540 ratings"
"The Name of the Wind (The Kingkiller Chronicle, #1)",Patrick Rothfuss,"4.52 avg rating — 1,055,427 ratings"
The Red Tent,Anita Diamant,"4.20 avg rating — 625,110 ratings"
The Master and Margarita,Mikhail Bulgakov,"4.28 avg rating — 403,927 ratings"
The Count of Monte Cristo,Alexandre Dumas,"4.32 avg rating — 996,417 ratings"
Eragon (The Inheritance Cycle #1),Christopher Paolini,"3.96 avg rating — 1,906,889 ratings"
"The Last Olympian (Percy Jackson and the Olympians, #5)",Rick Riordan,"4.55 avg rating — 1,119,727 ratings"
The Very Hungry Caterpillar,Eric Carle,"4.34 avg rating — 539,337 ratings"
Looking for Alaska,John Green,"3.96 avg rating — 1,720,737 ratings"
"The Lion, the Witch and the Wardrobe (Chronicles of Narnia, #1)",C.S. Lewis,"4.24 avg rating — 3,072,142 ratings"
Middlesex,Jeffrey Eugenides,"4.04 avg rating — 658,086 ratings"
"Charlie and the Chocolate Factory (Charlie Bucket, #1)",Roald Dahl,"4.17 avg rating — 914,702 ratings"
The Adventures of Tom Sawyer,Mark Twain,"3.92 avg rating — 999,943 ratings"
"The Shadow of the Wind (The Cemetery of Forgotten Books, #1)",Carlos Ruiz Zafón,"4.30 avg rating — 700,186 ratings"
The Girl on the Train,Paula Hawkins,"3.96 avg rating — 3,214,970 ratings"
The Curious Incident of the Dog in the Night-Time,Mark Haddon,"3.89 avg rating — 1,573,281 ratings"
"Tuesdays with Morrie: An Old Man, a Young Man, and Life's Greatest Lesson",Mitch Albom,"4.20 avg rating — 1,160,967 ratings"
Mystic River,Dennis Lehane,"4.17 avg rating — 160,343 ratings"
Dark Places,Gillian Flynn,"3.94 avg rating — 819,672 ratings"
"Red Dragon (Hannibal Lecter, #1)",Thomas  Harris,"4.07 avg rating — 364,913 ratings"
"Six of Crows (Six of Crows, #1)",Leigh Bardugo,"4.46 avg rating — 1,110,866 ratings"
The Unbearable Lightness of Being,Milan Kundera,"4.11 avg rating — 527,527 ratings"
"Holes (Holes, #1)",Louis Sachar,"4.01 avg rating — 1,338,174 ratings"
Before I Go to Sleep,S.J. Watson,"3.90 avg rating — 361,854 ratings"
Never Lie,Freida McFadden,"4.08 avg rating — 1,270,323 ratings"
The Name of the Rose,Umberto Eco,"4.14 avg rating — 388,533 ratings"
Shutter Island,Dennis Lehane,"4.13 avg rating — 217,254 ratings"
None of This Is True,Lisa Jewell,"4.08 avg rating — 1,002,290 ratings"
Big Little Lies,Liane Moriarty,"4.31 avg rating — 1,093,708 ratings"
On the Road,Jack Kerouac,"3.61 avg rating — 440,103 ratings"
Where the Red Fern Grows,Wilson Rawls,"4.12 avg rating — 434,268 ratings"
Perfume: The Story of a Murderer,Patrick Süskind,"4.04 avg rating — 533,368 ratings"
Lock Every Door,Riley Sager,"3.89 avg rating — 281,554 ratings"
The Paris Apartment,Lucy Foley,"3.65 avg rating — 682,950 ratings"
"The Godfather (The Godfather, #1)",Mario Puzo,"4.40 avg rating — 454,466 ratings"
The Woman in the Window,A.J. Finn,"3.94 avg rating — 866,084 ratings"
1984,George Orwell,"4.20 avg rating — 5,259,128 ratings"
In Cold Blood,Truman Capote,"4.09 avg rating — 712,872 ratings"
"The Family Upstairs (The Family Upstairs, #1)",Lisa Jewell,"3.96 avg rating — 534,983 ratings"
"The Housemaid's Secret (The Housemaid, #2)",Freida McFadden,"4.19 avg rating — 1,345,327 ratings"
"You (You, #1)",Caroline Kepnes,"3.96 avg rating — 283,504 ratings"
The Scarlet Letter,Nathaniel Hawthorne,"3.44 avg rating — 903,451 ratings"
Fight Club,Chuck Palahniuk,"4.18 avg rating — 631,180 ratings"
"The Woman in Cabin 10 (Lo Blacklock, #1)",Ruth Ware,"3.73 avg rating — 721,573 ratings"
American Gods,Neil Gaiman,"4.10 avg rating — 980,692 ratings"
Pretty Girls,Karin Slaughter,"4.01 avg rating — 642,313 ratings"
The Five People You Meet in Heaven,Mitch Albom,"4.01 avg rating — 784,788 ratings"
"The Bone Collector (Lincoln Rhyme, #1)",Jeffery Deaver,"4.20 avg rating — 191,993 ratings"
Behind Closed Doors,B.A. Paris,"3.97 avg rating — 725,594 ratings"
"Catching Fire (The Hunger Games, #2)",Suzanne Collins,"4.35 avg rating — 4,034,344 ratings"
The Divine Comedy: Inferno - Purgatorio - Paradiso,Dante Alighieri,"4.08 avg rating — 167,837 ratings"
Watchmen,Alan             Moore,"4.39 avg rating — 587,308 ratings"
No Exit,Taylor  Adams,"3.99 avg rating — 205,784 ratings"
All Quiet on the Western Front,Erich Maria Remarque,"4.10 avg rating — 507,224 ratings"
Home Before Dark,Riley Sager,"4.05 avg rating — 281,540 ratings"
"The Last Thing He Told Me (Hannah Hall, #1)",Laura Dave,"3.83 avg rating — 1,108,201 ratings"
The Couple Next Door,Shari Lapena,"3.80 avg rating — 687,256 ratings"
"The Cat in the Hat (Cat in the Hat, #1)",Dr. Seuss,"4.19 avg rating — 576,778 ratings"
The Song of Achilles,Madeline Miller,"4.31 avg rating — 1,880,962 ratings"
The Only One Left,Riley Sager,"4.13 avg rating — 532,029 ratings"
Final Girls,Riley Sager,"3.82 avg rating — 246,385 ratings"
Then She Was Gone,Lisa Jewell,"4.04 avg rating — 924,352 ratings"
"Good Omens: The Nice and Accurate Prophecies of Agnes Nutter, Witch",Terry Pratchett,"4.25 avg rating — 812,164 ratings"
A Flicker in the Dark,Stacy Willingham,"3.98 avg rating — 562,827 ratings"
"Lonesome Dove (Lonesome Dove, #1)",Larry McMurtry,"4.56 avg rating — 224,631 ratings"
"The Little House Collection (Little House, #1-9)",Laura Ingalls Wilder,"4.36 avg rating — 156,482 ratings"
"Hush, Hush (Hush, Hush, #1)",Becca Fitzpatrick,"3.92 avg rating — 736,968 ratings"
Peter Pan,J.M. Barrie,"4.03 avg rating — 369,051 ratings"
The Secret History,Donna Tartt,"4.16 avg rating — 960,278 ratings"
"The Titan’s Curse (Percy Jackson and the Olympians, #3)",Rick Riordan,"4.37 avg rating — 1,184,238 ratings"
"The Battle of the Labyrinth (Percy Jackson and the Olympians, #4)",Rick Riordan,"4.42 avg rating — 1,191,743 ratings"
Love in the Time of Cholera,Gabriel García Márquez,"3.94 avg rating — 537,415 ratings"
"Insurgent (Divergent, #2)",Veronica Roth,"3.96 avg rating — 1,600,305 ratings"
The Addiction Manifesto,Jerry Weaver,"4.75 avg rating — 1,249 ratings"
A Walk to Remember,Nicholas Sparks,"4.20 avg rating — 838,901 ratings"
"The Sea of Monsters (Percy Jackson and the Olympians, #2)",Rick Riordan,"4.24 avg rating — 1,324,656 ratings"
"Throne of Glass (Throne of Glass, #1)",Sarah J. Maas,"4.18 avg rating — 2,221,629 ratings"
"Clockwork Princess (The Infernal Devices, #3)",Cassandra Clare,"4.55 avg rating — 471,277 ratings"
How the Grinch Stole Christmas!,Dr. Seuss,"4.38 avg rating — 440,023 ratings"
The Thorn Birds,Colleen McCullough,"4.25 avg rating — 361,644 ratings"
"A Court of Mist and Fury (A Court of Thorns and Roses, #2)",Sarah J. Maas,"4.64 avg rating — 2,989,330 ratings"
"The Ultimate Hitchhiker’s Guide to the Galaxy (Hitchhiker's Guide to the Galaxy, #1-5)",Douglas Adams,"4.38 avg rating — 335,164 ratings"
"The Maze Runner (The Maze Runner, #1)",James Dashner,"4.05 avg rating — 1,642,876 ratings"
"Shadow Kiss (Vampire Academy, #3)",Richelle Mead,"4.33 avg rating — 378,546 ratings"
The Compleat Works of Wllm Shkspr,Reduced Shakespeare Company,"4.43 avg rating — 9,758 ratings"
Their Eyes Were Watching God,Zora Neale Hurston,"3.99 avg rating — 379,006 ratings"
"The Wonderful Wizard of Oz (Oz, #1)",L. Frank Baum,"really liked it4.00 avg rating — 500,618 ratings"
The Importance of Being Earnest,Oscar Wilde,"4.17 avg rating — 398,764 ratings"
Atonement,Ian McEwan,"3.95 avg rating — 553,742 ratings"
The Three Musketeers,Alexandre Dumas,"4.10 avg rating — 345,557 ratings"
The Lorax,Dr. Seuss,"4.35 avg rating — 364,450 ratings"
"Eat, Pray, Love",Elizabeth Gilbert,"3.64 avg rating — 1,823,207 ratings"
Goodnight Moon,Margaret Wise Brown,"4.32 avg rating — 390,277 ratings"
"The Hunger Games Trilogy Boxset (The Hunger Games, #1-3)",Suzanne Collins,"4.50 avg rating — 232,102 ratings"
The Seven Husbands of Evelyn Hugo,Taylor Jenkins Reid,"4.40 avg rating — 3,873,705 ratings"
A Midsummer Night’s Dream,William Shakespeare,"3.94 avg rating — 569,580 ratings"
The Diary of a Young Girl,Anne Frank,"4.20 avg rating — 4,089,475 ratings"
"Murder on the Orient Express (Hercule Poirot, #10)",Agatha Christie,"4.20 avg rating — 706,572 ratings"
Bridge to Terabithia,Katherine Paterson,"4.06 avg rating — 581,371 ratings"
"Frostbite (Vampire Academy, #2)",Richelle Mead,"4.25 avg rating — 369,256 ratings"
Heart of Darkness,Joseph Conrad,"3.43 avg rating — 547,464 ratings"
"The Selection (The Selection, #1)",Kiera Cass,"4.07 avg rating — 1,723,294 ratings"
Tess of the D’Urbervilles,Thomas Hardy,"3.84 avg rating — 298,462 ratings"
The Night Circus,Erin Morgenstern,"really liked it4.00 avg rating — 1,072,293 ratings"
The Prophet,Kahlil Gibran,"4.23 avg rating — 322,214 ratings"
The Call of the Wild,Jack London,"3.91 avg rating — 462,578 ratings"
"Blood Promise (Vampire Academy, #4)",Richelle Mead,"4.30 avg rating — 324,671 ratings"
Alice in Wonderland,Jane Carruth,"4.03 avg rating — 395,907 ratings"
The Joy Luck Club,Amy Tan,"3.97 avg rating — 704,372 ratings"
"The Good Earth (House of Earth, #1)",Pearl S. Buck,"4.01 avg rating — 258,222 ratings"
The Phantom Tollbooth,Norton Juster,"4.20 avg rating — 302,549 ratings"
"Oh, the Places You’ll Go!",Dr. Seuss,"4.37 avg rating — 436,102 ratings"
The Neverending Story,Michael Ende,"4.18 avg rating — 216,698 ratings"
Madame Bovary,Gustave Flaubert,"3.71 avg rating — 365,402 ratings"
Treasure Island,Robert Louis Stevenson,"3.85 avg rating — 530,055 ratings"
Oliver Twist,Charles Dickens,"3.88 avg rating — 420,691 ratings"
"The Mists of Avalon (Avalon, #1)",Marion Zimmer Bradley,"4.13 avg rating — 211,486 ratings"
"A Storm of Swords (A Song of Ice and Fire, #3)",George R.R. Martin,"4.55 avg rating — 832,678 ratings"
Jonathan Livingston Seagull,Richard Bach,"3.86 avg rating — 268,028 ratings"
The Boy in the Striped Pajamas,John Boyne,"4.16 avg rating — 939,746 ratings"
Ulysses,James Joyce,"3.77 avg rating — 138,754 ratings"
"Jurassic Park (Jurassic Park, #1)",Michael Crichton,"4.12 avg rating — 1,036,565 ratings"
"Fifty Shades of Grey (Fifty Shades, #1)",E.L. James,"3.67 avg rating — 2,814,911 ratings"
"Beloved (Beloved Trilogy, #1)",Toni Morrison,"3.97 avg rating — 478,886 ratings"
"The Lost Hero (The Heroes of Olympus, #1)",Rick Riordan,"4.29 avg rating — 922,896 ratings"
"The Clan of the Cave Bear (Earth's Children, #1)",Jean M. Auel,"4.10 avg rating — 279,295 ratings"
A Farewell to Arms,Ernest Hemingway,"3.82 avg rating — 345,801 ratings"
David Copperfield,Charles Dickens,"4.04 avg rating — 253,737 ratings"
The Canterbury Tales,Geoffrey Chaucer,"3.52 avg rating — 235,079 ratings"
A Little Princess,Frances Hodgson Burnett,"4.23 avg rating — 321,022 ratings"
The World According to Garp,John Irving,"4.11 avg rating — 236,392 ratings"
"Cinder (The Lunar Chronicles, #1)",Marissa Meyer,"4.13 avg rating — 995,777 ratings"
Thirteen Reasons Why,Jay Asher,"3.84 avg rating — 1,015,660 ratings"
His Dark Materials (His Dark Materials #1-3),Philip Pullman,"4.29 avg rating — 166,941 ratings"
The Iliad / The Odyssey,Homer,"4.07 avg rating — 82,365 ratings"
"Wicked: The Life and Times of the Wicked Witch of the West (The Wicked Years, #1)",Gregory Maguire,"3.51 avg rating — 671,356 ratings"
The Silmarillion,J.R.R. Tolkien,"4.03 avg rating — 326,452 ratings"
"Clockwork Prince (The Infernal Devices, #2)",Cassandra Clare,"4.42 avg rating — 579,381 ratings"
"Shōgun (Asian Saga, #1)",James Clavell,"4.41 avg rating — 207,460 ratings"
The Velveteen Rabbit,Margery Williams Bianco,"4.31 avg rating — 269,598 ratings"
Schindler’s List,Thomas Keneally,"4.34 avg rating — 164,543 ratings"
"Howl’s Moving Castle (Howl’s Moving Castle, #1)",Diana Wynne Jones,"4.29 avg rating — 429,624 ratings"
The Trial,Franz Kafka,"3.94 avg rating — 380,099 ratings"
"Mockingjay (The Hunger Games, #3)",Suzanne Collins,"4.11 avg rating — 3,613,837 ratings"
Extremely Loud & Incredibly Close,Jonathan Safran Foer,"3.97 avg rating — 432,148 ratings"
"The Other Boleyn Girl (The Plantagenet and Tudor Novels, #9)",Philippa Gregory,"4.09 avg rating — 509,544 ratings"
Man's Search for Meaning,Viktor E. Frankl,"4.37 avg rating — 838,160 ratings"
"The Silence of the Lambs  (Hannibal Lecter, #2)",Thomas  Harris,"4.25 avg rating — 579,567 ratings"
"Fallen (Fallen, #1)",Lauren Kate,"3.72 avg rating — 612,675 ratings"
The Sun Also Rises,Ernest Hemingway,"3.79 avg rating — 483,808 ratings"
The Green Mile,Stephen        King,"4.49 avg rating — 353,017 ratings"
"Last Sacrifice (Vampire Academy, #6)",Richelle Mead,"4.37 avg rating — 297,608 ratings"
A Confederacy of Dunces,John Kennedy Toole,"3.89 avg rating — 292,625 ratings"
The Screwtape Letters,C.S. Lewis,"4.27 avg rating — 502,241 ratings"
The Crucible,Arthur Miller,"3.61 avg rating — 453,568 ratings"
The Lord of the Rings,J.R.R. Tolkien,"4.54 avg rating — 718,464 ratings"
Cat’s Cradle,Kurt Vonnegut Jr.,"4.15 avg rating — 429,608 ratings"
The Secret Magdalene,Ki Longfellow,"4.14 avg rating — 4,716 ratings"
The Wind in the Willows,Kenneth Grahame,"4.02 avg rating — 235,999 ratings"
Misery,Stephen        King,"4.23 avg rating — 819,474 ratings"
"Crooked Kingdom (Six of Crows, #2)",Leigh Bardugo,"4.57 avg rating — 743,620 ratings"
A Light in the Attic,Shel Silverstein,"4.36 avg rating — 471,491 ratings"
"Spirit Bound (Vampire Academy, #5)",Richelle Mead,"4.32 avg rating — 305,407 ratings"
The Phantom of the Opera,Gaston Leroux,"3.96 avg rating — 268,667 ratings"
"City of Fallen Angels (The Mortal Instruments, #4)",Cassandra Clare,"4.07 avg rating — 633,195 ratings"
The Hiding Place: The Triumphant True Story of Corrie Ten Boom,Corrie ten Boom,"4.47 avg rating — 349,566 ratings"
"A Clash of Kings  (A Song of Ice and Fire, #2)",George R.R. Martin,"4.42 avg rating — 1,003,125 ratings"
The God of Small Things,Arundhati Roy,"3.96 avg rating — 318,169 ratings"
Blindness,José Saramago,"4.18 avg rating — 326,729 ratings"
"Ella Enchanted (Ella Enchanted, #1)",Gail Carson Levine,"4.02 avg rating — 421,854 ratings"
"The Fellowship of the Ring (The Lord of the Rings, #1)",J.R.R. Tolkien,"4.40 avg rating — 3,064,118 ratings"
The Chain Between Worlds (The Lost Artefacts #1),Johnathon Nicolaou,"4.43 avg rating — 1,216 ratings"
The House of the Spirits,Isabel Allende,"4.29 avg rating — 306,911 ratings"
"The Way of Kings (The Stormlight Archive, #1)",Brandon Sanderson,"4.67 avg rating — 632,015 ratings"
Girl with a Pearl Earring,Tracy Chevalier,"3.93 avg rating — 770,563 ratings"
"Uglies (Uglies, #1)",Scott Westerfeld,"3.84 avg rating — 702,373 ratings"
The Wind-Up Bird Chronicle,Haruki Murakami,"4.14 avg rating — 307,867 ratings"
Norwegian Wood,Haruki Murakami,"3.99 avg rating — 702,015 ratings"
Marley and Me: Life and Love With the World’s Worst Dog,John Grogan,"4.14 avg rating — 475,662 ratings"
The Guernsey Literary and Potato Peel Pie Society,Mary Ann Shaffer,"4.19 avg rating — 795,765 ratings"
Speak,Laurie Halse Anderson,"4.05 avg rating — 623,932 ratings"
Paper Towns,John Green,"3.70 avg rating — 1,468,690 ratings"
She’s Come Undone,Wally Lamb,"3.91 avg rating — 358,026 ratings"
"Shiver (The Wolves of Mercy Falls, #1)",Maggie Stiefvater,"3.76 avg rating — 493,956 ratings"
"Marked (House of Night, #1)",P.C. Cast,"3.82 avg rating — 518,604 ratings"
Kafka on the Shore,Haruki Murakami,"4.12 avg rating — 531,449 ratings"
The Shack: Where Tragedy Confronts Eternity,William Paul Young,"3.84 avg rating — 684,033 ratings"
The Sound and the Fury,William Faulkner,"3.86 avg rating — 192,791 ratings"
Fear and Loathing in Las Vegas: A Savage Journey to the Heart of the American Dream,Hunter S. Thompson,"4.06 avg rating — 371,770 ratings"
The Complete Calvin and Hobbes,Bill Watterson,"4.81 avg rating — 41,726 ratings"
For Whom the Bell Tolls,Ernest Hemingway,"3.99 avg rating — 312,419 ratings"
The Complete Sherlock Holmes,Arthur Conan Doyle,"4.51 avg rating — 214,765 ratings"
Island of the Blue Dolphins,Scott O'Dell,"3.88 avg rating — 346,361 ratings"
The Idiot,Fyodor Dostoevsky,"4.21 avg rating — 209,007 ratings"
Othello,William Shakespeare,"3.89 avg rating — 429,169 ratings"
"Shatter Me (Shatter Me, #1)",Tahereh Mafi,"3.84 avg rating — 1,161,686 ratings"
Stranger in a Strange Land,Robert A. Heinlein,"3.92 avg rating — 323,793 ratings"
"Inkheart (Inkworld, #1)",Cornelia Funke,"3.93 avg rating — 439,322 ratings"
Roots: The Saga of an American Family,Alex Haley,"4.45 avg rating — 163,746 ratings"
Into the Wild,Jon Krakauer,"4.02 avg rating — 1,169,542 ratings"
"The Cruel Prince (The Folk of the Air, #1)",Holly Black,"4.01 avg rating — 1,639,651 ratings"
"Wonder (Wonder, #1)",R.J. Palacio,"4.36 avg rating — 1,173,270 ratings"
"Neverwhere (London Below, #1)",Neil Gaiman,"4.16 avg rating — 556,365 ratings"
"The Girl Who Kicked the Hornet’s Nest (Millennium, #3)",Stieg Larsson,"4.24 avg rating — 767,457 ratings"
"The Vampire Lestat (The Vampire Chronicles, #2)",Anne Rice,"4.11 avg rating — 213,161 ratings"
The Things They Carried,Tim O'Brien,"4.14 avg rating — 338,443 ratings"
King Lear,William Shakespeare,"3.91 avg rating — 233,388 ratings"
Never Let Me Go,Kazuo Ishiguro,"3.85 avg rating — 819,495 ratings"
East of Eden,John Steinbeck,"4.43 avg rating — 607,209 ratings"
"Ready Player One (Ready Player One, #1)",Ernest Cline,"4.23 avg rating — 1,271,447 ratings"
"Delirium (Delirium, #1)",Lauren Oliver,"3.95 avg rating — 477,095 ratings"
White Oleander,Janet Fitch,"really liked it4.00 avg rating — 363,830 ratings"
"Beautiful Disaster (Beautiful, #1)",Jamie McGuire,"really liked it4.00 avg rating — 704,600 ratings"
"Foundation (Foundation, #1)",Isaac Asimov,"4.17 avg rating — 583,067 ratings"
"A Court of Thorns and Roses (A Court of Thorns and Roses, #1)",Sarah J. Maas,"4.16 avg rating — 3,924,430 ratings"
"Mistborn: The Final Empire (Mistborn, #1)",Brandon Sanderson,"4.49 avg rating — 908,066 ratings"
"The Mark of Athena (The Heroes of Olympus, #3)",Rick Riordan,"4.47 avg rating — 661,176 ratings"
Uncle Tom’s Cabin,Harriet Beecher Stowe,"3.92 avg rating — 239,906 ratings"
Blood River: A Journey to Africa’s Broken Heart,Tim Butcher,"3.98 avg rating — 11,908 ratings"
All the Light We Cannot See,Anthony Doerr,"4.31 avg rating — 1,914,332 ratings"
"The Son of Neptune (The Heroes of Olympus, #2)",Rick Riordan,"4.40 avg rating — 653,759 ratings"
Midnight Sun [2008 Draft],Stephenie Meyer,"4.01 avg rating — 148,861 ratings"
James and the Giant Peach,Roald Dahl,"4.04 avg rating — 507,268 ratings"
"The Once and Future King (The Once and Future King, #1-5)",T.H. White,"4.07 avg rating — 116,666 ratings"
I Know This Much Is True,Wally Lamb,"4.21 avg rating — 321,596 ratings"
The Martian,Andy Weir,"4.42 avg rating — 1,245,574 ratings"
"All Creatures Great and Small (All Creatures Great and Small, #1-2)",James Herriot,"4.35 avg rating — 155,770 ratings"
Paradise Lost,John Milton,"3.85 avg rating — 178,472 ratings"
Candide,Voltaire,"3.76 avg rating — 295,506 ratings"
The Time Machine,H.G. Wells,"3.89 avg rating — 554,514 ratings"
The Complete Works,William Shakespeare,"4.48 avg rating — 57,576 ratings"
Invisible Man,Ralph Ellison,"3.92 avg rating — 199,211 ratings"
"Me Before You (Me Before You, #1)",Jojo Moyes,"4.26 avg rating — 1,767,685 ratings"
"Heidi (Heidi, #1-2)",Johanna Spyri,"4.04 avg rating — 209,103 ratings"
Flow Down Like Silver,Ki Longfellow,"4.01 avg rating — 4,509 ratings"
The Historian,Elizabeth Kostova,"3.80 avg rating — 273,956 ratings"
The Thirteenth Tale,Diane Setterfield,"3.98 avg rating — 323,507 ratings"
"The Wise Man's Fear (The Kingkiller Chronicle, #2)",Patrick Rothfuss,"4.55 avg rating — 606,628 ratings"
"Lamb: The Gospel According to Biff, Christ’s Childhood Pal",Christopher Moore,"4.23 avg rating — 180,050 ratings"
"A Good Girl's Guide to Murder (A Good Girl's Guide to Murder, #1)",Holly  Jackson,"4.29 avg rating — 1,652,459 ratings"
Hamlet,William Shakespeare,"4.03 avg rating — 1,023,838 ratings"
Leaves of Grass,Walt Whitman,"4.11 avg rating — 114,934 ratings"
"City of Lost Souls (The Mortal Instruments, #5)",Cassandra Clare,"4.21 avg rating — 560,393 ratings"
"Are You There God? It’s Me, Margaret",Judy Blume,"3.95 avg rating — 252,696 ratings"
"Walden or, Life in the Woods",Henry David Thoreau,"3.78 avg rating — 201,399 ratings"
"Graceling (Graceling Realm, #1)",Kristin Cashore,"4.06 avg rating — 477,268 ratings"
Different Seasons,Stephen        King,"4.36 avg rating — 217,674 ratings"
The Complete Maus,Art Spiegelman,"4.58 avg rating — 246,777 ratings"
The Cider House Rules,John Irving,"4.17 avg rating — 193,091 ratings"
Mrs. Dalloway,Virginia Woolf,"3.78 avg rating — 343,861 ratings"
Fangirl,Rainbow Rowell,"3.94 avg rating — 773,609 ratings"
"Legend (Legend, #1)",Marie Lu,"4.15 avg rating — 557,297 ratings"
Fried Green Tomatoes at the Whistle Stop Cafe,Fannie Flagg,"4.28 avg rating — 322,227 ratings"
Sophie’s World,Jostein Gaarder,"3.97 avg rating — 276,231 ratings"
"The Hound of the Baskervilles (Sherlock Holmes, #5)",Arthur Conan Doyle,"4.13 avg rating — 377,860 ratings"
"Ignite Me (Shatter Me, #3)",Tahereh Mafi,"4.45 avg rating — 638,699 ratings"
Do Androids Dream of Electric Sheep?,Philip K. Dick,"4.09 avg rating — 498,192 ratings"
The Awakening,Kate Chopin,"3.69 avg rating — 223,176 ratings"
"Aristotle and Dante Discover the Secrets of the Universe (Aristotle and Dante, #1)",Benjamin Alire Sáenz,"4.29 avg rating — 665,287 ratings"
The Graveyard Book,Neil Gaiman,"4.16 avg rating — 561,492 ratings"
Black Beauty,Anna Sewell,"really liked it4.00 avg rating — 294,586 ratings"
"Fourth Wing (The Empyrean, #1)",Rebecca Yarros,"4.58 avg rating — 3,197,641 ratings"
Stardust,Neil Gaiman,"4.10 avg rating — 476,882 ratings"
Middlemarch,George Eliot,"4.03 avg rating — 175,581 ratings"
The Monster at the End of this Book,Jon Stone,"4.46 avg rating — 126,545 ratings"
"Fifty Shades Darker (Fifty Shades, #2)",E.L. James,"3.83 avg rating — 963,445 ratings"
"Things Fall Apart (The African Trilogy, #1)",Chinua Achebe,"3.74 avg rating — 404,364 ratings"
Sophie’s Choice,William Styron,"4.17 avg rating — 93,730 ratings"
The Prince of Tides,Pat Conroy,"4.26 avg rating — 214,331 ratings"
A Little Life,Hanya Yanagihara,"4.29 avg rating — 869,930 ratings"
Number the Stars,Lois Lowry,"4.19 avg rating — 610,003 ratings"
"Dead Until Dark (Sookie Stackhouse, #1)",Charlaine Harris,"3.97 avg rating — 556,938 ratings"
"A Time to Kill (Jake Brigance, #1)",John Grisham,"4.12 avg rating — 821,088 ratings"
"Bridget Jones’s Diary (Bridget Jones, #1)",Helen Fielding,"3.81 avg rating — 1,014,451 ratings"
"The Magician’s Nephew (Chronicles of Narnia, #6)",C.S. Lewis,"4.05 avg rating — 590,341 ratings"
The Art of Racing in the Rain,Garth Stein,"4.23 avg rating — 546,896 ratings"
V for Vendetta,Alan             Moore,"4.26 avg rating — 321,422 ratings"
Eleanor & Park,Rainbow Rowell,"3.93 avg rating — 1,243,161 ratings"
War and Peace,Leo Tolstoy,"4.17 avg rating — 358,138 ratings"
Beowulf,Unknown,"3.50 avg rating — 338,950 ratings"
White Fang,Jack London,"4.05 avg rating — 281,188 ratings"
American Psycho,Bret Easton Ellis,"3.80 avg rating — 350,866 ratings"
Franny and Zooey,J.D. Salinger,"3.96 avg rating — 235,968 ratings"
The Witches,Roald Dahl,"4.18 avg rating — 421,380 ratings"
"Allegiant (Divergent, #3)",Veronica Roth,"3.60 avg rating — 1,125,398 ratings"
"Harry Potter Series Box Set (Harry Potter, #1-7)",J.K. Rowling,"4.73 avg rating — 299,984 ratings"
Love You Forever,Robert Munsch,"4.38 avg rating — 245,419 ratings"
"The House of Hades (The Heroes of Olympus, #4)",Rick Riordan,"4.57 avg rating — 470,822 ratings"
A Short History of Nearly Everything,Bill Bryson,"4.22 avg rating — 414,067 ratings"
"The Gunslinger (The Dark Tower, #1)",Stephen        King,"3.91 avg rating — 651,980 ratings"
"If I Stay (If I Stay, #1)",Gayle Forman,"3.91 avg rating — 957,453 ratings"
The Complete Novels,Jane Austen,"4.57 avg rating — 33,849 ratings"
"The Power of One (The Power of One, #1)",Bryce Courtenay,"4.36 avg rating — 93,278 ratings"
"The Eye of the World (The Wheel of Time, #1)",Robert Jordan,"4.19 avg rating — 578,173 ratings"
Gulliver’s Travels,Jonathan Swift,"3.59 avg rating — 294,602 ratings"
Tuck Everlasting,Natalie Babbitt,"3.91 avg rating — 290,401 ratings"
"It Ends with Us (It Ends with Us, #1)",Colleen Hoover,"4.10 avg rating — 4,432,366 ratings"
11/22/63,Stephen        King,"4.35 avg rating — 618,636 ratings"
"Heir of Fire (Throne of Glass, #3)",Sarah J. Maas,"4.45 avg rating — 1,428,681 ratings"
"A Child Called ""It"" (Dave Pelzer, #1)",Dave Pelzer,"4.14 avg rating — 455,807 ratings"
The Grapes of Wrath,John Steinbeck,"4.02 avg rating — 974,562 ratings"
"Fifty Shades Freed (Fifty Shades, #3)",E.L. James,"3.83 avg rating — 903,511 ratings"
’Salem’s Lot,Stephen        King,"4.10 avg rating — 639,364 ratings"
Inferno,Dante Alighieri,"4.03 avg rating — 201,347 ratings"
Bel Canto,Ann Patchett,"3.94 avg rating — 313,931 ratings"
A Portrait of the Artist as a Young Man,James Joyce,"3.64 avg rating — 161,466 ratings"
"A Court of Mist and Fury (A Court of Thorns and Roses, #2)",Sarah J. Maas,"4.64 avg rating — 2,989,330 ratings"
Cloud Atlas,David Mitchell,"4.01 avg rating — 263,454 ratings"
القرآن الكريم,Anonymous,"4.38 avg rating — 71,447 ratings"
Cold Mountain,Charles Frazier,"3.89 avg rating — 248,395 ratings"
As I Lay Dying,William Faulkner,"3.72 avg rating — 183,112 ratings"
Tao Te Ching,Lao Tzu,"4.29 avg rating — 177,879 ratings"
The Hunchback of Notre-Dame,Victor Hugo,"4.02 avg rating — 214,092 ratings"
Dr. Jekyll and Mr. Hyde,Robert Louis Stevenson,"3.83 avg rating — 644,875 ratings"
The Tell-Tale Heart and Other Writings,Edgar Allan Poe,"4.19 avg rating — 243,798 ratings"
Go Ask Alice,Beatrice Sparks,"3.74 avg rating — 289,165 ratings"
Where the Crawdads Sing,Delia Owens,"4.37 avg rating — 3,500,254 ratings"
Mansfield Park,Jane Austen,"3.86 avg rating — 372,903 ratings"
"Eldest (The Inheritance Cycle, #2)",Christopher Paolini,"4.05 avg rating — 482,580 ratings"
The Martian Chronicles,Ray Bradbury,"4.16 avg rating — 280,533 ratings"
A Separate Peace,John Knowles,"3.60 avg rating — 229,823 ratings"
The BFG,Roald Dahl,"4.23 avg rating — 517,640 ratings"
"Dark Lover (Black Dagger Brotherhood, #1)",J.R. Ward,"4.16 avg rating — 351,440 ratings"
"Brisingr (The Inheritance Cycle, #3)",Christopher Paolini,"4.11 avg rating — 407,238 ratings"
Circe,Madeline Miller,"4.22 avg rating — 1,287,785 ratings"
Steppenwolf,Hermann Hesse,"4.13 avg rating — 208,025 ratings"
"Beautiful Creatures (Caster Chronicles, #1)",Kami Garcia,"3.77 avg rating — 617,453 ratings"
"Red Queen (Red Queen, #1)",Victoria Aveyard,"3.98 avg rating — 1,138,614 ratings"
"Blood Meridian, or, the Evening Redness in the West",Cormac McCarthy,"4.16 avg rating — 206,732 ratings"
Robinson Crusoe,Daniel Defoe,"3.68 avg rating — 325,970 ratings"
"Obsidian (Lux, #1)",Jennifer L. Armentrout,"4.13 avg rating — 293,729 ratings"
"Miss Peregrine's Home for Peculiar Children (Miss Peregrine's Peculiar Children, #1)",Ransom Riggs,"3.92 avg rating — 1,339,924 ratings"
"Stargirl (Stargirl, #1)",Jerry Spinelli,"3.77 avg rating — 334,480 ratings"
The Remains of the Day,Kazuo Ishiguro,"4.14 avg rating — 346,329 ratings"
Room,Emma Donoghue,"4.08 avg rating — 827,263 ratings"
The Amazing Adventures of Kavalier & Clay,Michael Chabon,"4.18 avg rating — 210,260 ratings"
"The Amber Spyglass (His Dark Materials, #3)",Philip Pullman,"4.11 avg rating — 377,421 ratings"
The Invisible Life of Addie LaRue,V.E. Schwab,"4.17 avg rating — 1,407,049 ratings"
"City of Heavenly Fire (The Mortal Instruments, #6)",Cassandra Clare,"4.38 avg rating — 409,919 ratings"
Coraline,Neil Gaiman,"4.13 avg rating — 763,109 ratings"
Doctor Zhivago,Boris Pasternak,"4.01 avg rating — 101,392 ratings"
زندگی مه آلود پریا,سید مرتضی مصطفوی,"3.34 avg rating — 1,031 ratings"
The Plague,Albert Camus,"4.02 avg rating — 302,304 ratings"
"Zen and the Art of Motorcycle Maintenance: An Inquiry Into Values (Phaedrus, #1)",Robert M. Pirsig,"3.78 avg rating — 242,017 ratings"
Dear John,Nicholas Sparks,"4.04 avg rating — 614,729 ratings"
The Firm,John Grisham,"4.06 avg rating — 635,356 ratings"
The English Patient,Michael Ondaatje,"3.86 avg rating — 137,715 ratings"
Hidden Pictures,Jason Rekulak,"4.15 avg rating — 516,019 ratings"
Midnight’s Children,Salman Rushdie,"3.98 avg rating — 131,005 ratings"
"Crown of Midnight (Throne of Glass, #2)",Sarah J. Maas,"4.36 avg rating — 1,617,099 ratings"
The Last Song,Nicholas Sparks,"4.16 avg rating — 568,811 ratings"
All the Bright Places,Jennifer Niven,"4.11 avg rating — 617,504 ratings"
Like Water for Chocolate,Laura Esquivel,"3.95 avg rating — 388,453 ratings"
"Crescendo (Hush, Hush, #2)",Becca Fitzpatrick,"3.98 avg rating — 335,166 ratings"
"Dragonfly in Amber (Outlander, #2)",Diana Gabaldon,"4.34 avg rating — 379,253 ratings"
Midnight in the Garden of Good and Evil,John Berendt,"3.92 avg rating — 290,130 ratings"
A Streetcar Named Desire,Tennessee Williams,"3.98 avg rating — 329,686 ratings"
"The One (The Selection, #3)",Kiera Cass,"4.14 avg rating — 761,188 ratings"
My Ántonia,Willa Cather,"3.84 avg rating — 145,231 ratings"
The Virgin Suicides,Jeffrey Eugenides,"3.78 avg rating — 398,086 ratings"
The Nightingale,Kristin Hannah,"4.64 avg rating — 1,925,401 ratings"
"Queen of Shadows (Throne of Glass, #4)",Sarah J. Maas,"4.62 avg rating — 1,282,532 ratings"
Breakfast at Tiffany’s and Three Stories,Truman Capote,"3.83 avg rating — 287,435 ratings"
"The Subtle Knife (His Dark Materials, #2)",Philip Pullman,"4.15 avg rating — 454,115 ratings"
The Prince,Niccolò Machiavelli,"3.84 avg rating — 373,062 ratings"
Breakfast of Champions,Kurt Vonnegut Jr.,"4.06 avg rating — 275,773 ratings"
The Origin of Species,Charles Darwin,"4.01 avg rating — 120,437 ratings"
A Fine Balance,Rohinton Mistry,"4.38 avg rating — 157,313 ratings"
"Red, White & Royal Blue",Casey McQuiston,"4.06 avg rating — 1,185,192 ratings"
"Hopeless (Hopeless, #1)",Colleen Hoover,"4.23 avg rating — 663,663 ratings"
"The Hate U Give (The Hate U Give, #1)",Angie Thomas,"4.46 avg rating — 990,273 ratings"
"Daughter of Smoke & Bone (Daughter of Smoke & Bone, #1)",Laini Taylor,"3.99 avg rating — 382,373 ratings"
A Feast for Crows,George R.R. Martin,"4.17 avg rating — 779,197 ratings"
"Unbroken: A World War II Story of Survival, Resilience and Redemption",Laura Hillenbrand,"4.39 avg rating — 991,465 ratings"
"Flowers in the Attic (Dollanganger, #1)",V.C. Andrews,"3.85 avg rating — 233,051 ratings"
Persuasion,Jane Austen,"4.15 avg rating — 755,502 ratings"
Local Woman Missing,Mary Kubica,"4.12 avg rating — 697,283 ratings"
Infinite Jest,David Foster Wallace,"4.25 avg rating — 99,048 ratings"
We Were Liars,E. Lockhart,"3.65 avg rating — 1,325,814 ratings"
"Pippi Longstocking (Pippi Långstrump, #1)",Astrid Lindgren,"4.15 avg rating — 207,258 ratings"
"The Host (The Host, #1)",Stephenie Meyer,"3.86 avg rating — 1,041,257 ratings"
Death of a Salesman,Arthur Miller,"3.58 avg rating — 253,564 ratings"
Carrie,Stephen        King,"3.99 avg rating — 817,332 ratings"
"The Inheritance Games (The Inheritance Games, #1)",Jennifer Lynn Barnes,"4.13 avg rating — 1,013,077 ratings"
"Evermore (The Immortals, #1)",Alyson Noel,"3.60 avg rating — 297,349 ratings"
The Scarlet Pimpernel,Emmuska Orczy,"4.07 avg rating — 140,291 ratings"
"I Know Why the Caged Bird Sings (Maya Angelou's Autobiography, #1)",Maya Angelou,"4.30 avg rating — 570,790 ratings"
"The Devil in the White City: Murder, Magic, and Madness at the Fair That Changed America",Erik Larson,"really liked it4.00 avg rating — 742,538 ratings"
"The Raven Boys (The Raven Cycle, #1)",Maggie Stiefvater,"4.05 avg rating — 395,905 ratings"
Jonathan Strange & Mr Norrell,Susanna Clarke,"3.87 avg rating — 250,578 ratings"
"Artemis Fowl (Artemis Fowl, #1)",Eoin Colfer,"3.86 avg rating — 559,123 ratings"
Sharp Objects,Gillian Flynn,"4.01 avg rating — 1,185,533 ratings"
"Sheever's Journal, Diary of a Poison Master",K.  Ritz,"4.30 avg rating — 28,149 ratings"
Snow Flower and the Secret Fan,Lisa See,"4.09 avg rating — 383,482 ratings"
"Faust, First Part",Johann Wolfgang von Goethe,"3.83 avg rating — 84,362 ratings"
Northanger Abbey,Jane Austen,"3.85 avg rating — 441,066 ratings"
"Matched (Matched, #1)",Ally Condie,"3.62 avg rating — 810,312 ratings"
"The Angel Experiment (Maximum Ride, #1)",James  Patterson,"4.07 avg rating — 232,178 ratings"
"Anna and the French Kiss (Anna and the French Kiss, #1)",Stephanie Perkins,"3.96 avg rating — 463,146 ratings"
Night,Elie Wiesel,"4.38 avg rating — 1,338,064 ratings"
High Fidelity,Nick Hornby,"3.90 avg rating — 212,359 ratings"
"The Tales of Beedle the Bard (Hogwarts Library, #3)",J.K. Rowling,"4.03 avg rating — 507,957 ratings"
"A Court of Wings and Ruin (A Court of Thorns and Roses, #3)",Sarah J. Maas,"4.47 avg rating — 2,516,963 ratings"
Waiting for Godot,Samuel Beckett,"3.84 avg rating — 217,826 ratings"
The Haunting of Hill House,Shirley Jackson,"3.81 avg rating — 367,924 ratings"
The Shipping News,Annie Proulx,"3.88 avg rating — 151,049 ratings"
"The Chosen (Reuven Malther, #1)",Chaim Potok,"4.07 avg rating — 96,431 ratings"
To the Lighthouse,Virginia Woolf,"3.81 avg rating — 208,371 ratings"
"The Voyage of the Dawn Treader (Chronicles of Narnia, #3)",C.S. Lewis,"4.09 avg rating — 499,162 ratings"
Nineteen Minutes,Jodi Picoult,"4.17 avg rating — 411,019 ratings"
Shantaram,Gregory David Roberts,"4.28 avg rating — 234,100 ratings"
Emma,Jane Austen,"4.05 avg rating — 954,506 ratings"
"Neuromancer (Sprawl, #1)",William Gibson,"3.89 avg rating — 355,556 ratings"
Pet Sematary,Stephen        King,"4.08 avg rating — 672,669 ratings"
"I, Robot (Robot, #0.1)",Isaac Asimov,"4.21 avg rating — 371,159 ratings"
Houdini Heart,Ki Longfellow,"3.84 avg rating — 5,458 ratings"
The Goldfinch,Donna Tartt,"3.96 avg rating — 1,014,929 ratings"
A Christmas Carol,Charles Dickens,"4.09 avg rating — 898,891 ratings"
Redeeming Love,Francine  Rivers,"4.51 avg rating — 361,289 ratings"
"A Dance with Dragons (A Song of Ice and Fire, #5)",George R.R. Martin,"4.34 avg rating — 727,157 ratings"
The Reader,Bernhard Schlink,"3.78 avg rating — 227,057 ratings"
"The Return of the King (The Lord of the Rings, #3)",J.R.R. Tolkien,"4.58 avg rating — 1,009,544 ratings"
"The Lost Symbol (Robert Langdon, #3)",Dan    Brown,"3.76 avg rating — 641,959 ratings"
The Age of Innocence,Edith Wharton,"3.97 avg rating — 190,755 ratings"
Dubliners,James Joyce,"3.84 avg rating — 170,908 ratings"
The Republic,Plato,"3.97 avg rating — 221,012 ratings"
The Waste Land,T.S. Eliot,"4.11 avg rating — 58,013 ratings"
"Angels & Demons (Robert Langdon, #1)",Dan    Brown,"3.95 avg rating — 3,350,691 ratings"
"The Bad Beginning (A Series of Unfortunate Events, #1)",Lemony Snicket,"4.02 avg rating — 560,784 ratings"
"The Wicked King (The Folk of the Air, #2)",Holly Black,"4.28 avg rating — 1,016,894 ratings"
The Twilight Collection,Stephenie Meyer,"3.82 avg rating — 47,178 ratings"
"Voyager (Outlander, #3)",Diana Gabaldon,"4.39 avg rating — 326,220 ratings"
"The Queen of Nothing (The Folk of the Air, #3)",Holly Black,"4.34 avg rating — 917,194 ratings"
"City of Glass (The Mortal Instruments, #3)",Cassandra Clare,"4.27 avg rating — 1,005,099 ratings"
The Jungle,Upton Sinclair,"3.78 avg rating — 152,614 ratings"
"Lover Awakened (Black Dagger Brotherhood, #3)",J.R. Ward,"4.43 avg rating — 187,607 ratings"
Divine Secrets of the Ya-Ya Sisterhood,Rebecca Wells,"3.86 avg rating — 566,205 ratings"
The Silent Patient,Alex Michaelides,"4.17 avg rating — 3,034,457 ratings"
"Betrayed (House of Night, #2)",P.C. Cast,"3.92 avg rating — 278,104 ratings"
Me Talk Pretty One Day,David Sedaris,"4.01 avg rating — 714,868 ratings"
The Pearl,John Steinbeck,"3.56 avg rating — 263,051 ratings"
Snow Falling on Cedars,David Guterson,"3.86 avg rating — 192,726 ratings"
"The Last Battle (Chronicles of Narnia, #7)",C.S. Lewis,"4.01 avg rating — 299,153 ratings"
"The Two Towers (The Lord of the Rings, #2)",J.R.R. Tolkien,"4.50 avg rating — 1,089,869 ratings"
"I, Claudius (Claudius, #1)",Robert Graves,"4.24 avg rating — 71,841 ratings"
"Untamed (House of Night, #4)",P.C. Cast,"3.94 avg rating — 243,517 ratings"
"The Exorcist (The Exorcist, #1)",William Peter Blatty,"4.21 avg rating — 260,332 ratings"
Those Empty Eyes,Charlie Donlea,"4.16 avg rating — 78,867 ratings"
Sense and Sensibility,Jane Austen,"4.09 avg rating — 1,270,561 ratings"
"The 5th Wave (The 5th Wave, #1)",Rick Yancey,"really liked it4.00 avg rating — 475,433 ratings"
Everything is Illuminated,Jonathan Safran Foer,"3.89 avg rating — 182,950 ratings"
"Unravel Me (Shatter Me, #2)",Tahereh Mafi,"4.11 avg rating — 722,834 ratings"
"The Elite (The Selection, #2)",Kiera Cass,"3.94 avg rating — 853,838 ratings"
A Room with a View,E.M. Forster,"3.89 avg rating — 198,137 ratings"
World War Z: An Oral History of the Zombie War,Max Brooks,"4.02 avg rating — 558,097 ratings"
"Words of Radiance (The Stormlight Archive, #2)",Brandon Sanderson,"4.76 avg rating — 458,226 ratings"
The War of the Worlds,H.G. Wells,"3.83 avg rating — 341,879 ratings"
"A Discovery of Witches (All Souls, #1)",Deborah Harkness,"4.02 avg rating — 544,090 ratings"
Bleak House,Charles Dickens,"4.02 avg rating — 112,646 ratings"
"Chosen (House of Night, #3)",P.C. Cast,"3.91 avg rating — 252,983 ratings"
The Complete Poems of Emily Dickinson,Emily Dickinson,"4.28 avg rating — 105,530 ratings"
Macbeth,William Shakespeare,"3.89 avg rating — 995,852 ratings"
"Unwind (Unwind, #1)",Neal Shusterman,"4.17 avg rating — 245,318 ratings"
Brideshead Revisited,Evelyn Waugh,"really liked it4.00 avg rating — 124,113 ratings"
انتحار فاشل,أحمد جمال الدين رمضان,"4.55 avg rating — 3,301 ratings"
North and South,Elizabeth Gaskell,"4.15 avg rating — 180,090 ratings"
The Woman in White,Wilkie Collins,"4.01 avg rating — 163,135 ratings"
"The Lies of Locke Lamora (Gentleman Bastard, #1)",Scott Lynch,"4.31 avg rating — 329,166 ratings"
"Shadow and Bone (Shadow and Bone, #1)",Leigh Bardugo,"3.92 avg rating — 1,071,515 ratings"
"A ​Court of Silver Flames (A Court of Thorns and Roses, #4)",Sarah J. Maas,"4.45 avg rating — 1,921,643 ratings"
The God Delusion,Richard Dawkins,"3.90 avg rating — 279,903 ratings"
What Lies in the Woods,Kate Alice Marshall,"3.95 avg rating — 186,758 ratings"
Ugly Love,Colleen Hoover,"really liked it4.00 avg rating — 2,228,141 ratings"
العصبي,أحمد جمال الدين رمضان,"4.59 avg rating — 2,882 ratings"
Of Human Bondage,W. Somerset Maugham,"4.15 avg rating — 60,521 ratings"
"The Iron King (The Iron Fey, #1)",Julie Kagawa,"3.87 avg rating — 217,673 ratings"
"2001: A Space Odyssey (Space Odyssey, #1)",Arthur C. Clarke,"4.17 avg rating — 331,323 ratings"
The Left Hand of Darkness,Ursula K. Le Guin,"4.10 avg rating — 211,068 ratings"
"Bloodlines (Bloodlines, #1)",Richelle Mead,"4.20 avg rating — 190,218 ratings"
"The Witching Hour (Lives of the Mayfair Witches, #1)",Anne Rice,"4.10 avg rating — 122,907 ratings"
Snow Crash,Neal Stephenson,"4.01 avg rating — 294,079 ratings"
Vanity Fair,William Makepeace Thackeray,"3.81 avg rating — 132,145 ratings"
"Call Me By Your Name (Call Me By Your Name, #1)",André Aciman,"4.10 avg rating — 576,453 ratings"
"Wizard's First Rule (Sword of Truth, #1)",Terry Goodkind,"4.12 avg rating — 252,268 ratings"
"Empire of Storms (Throne of Glass, #5)",Sarah J. Maas,"4.63 avg rating — 1,117,128 ratings"
Far From the Madding Crowd,Thomas Hardy,"3.97 avg rating — 163,336 ratings"
Johnny Got His Gun,Dalton Trumbo,"4.21 avg rating — 47,596 ratings"
Much Ado About Nothing,William Shakespeare,"4.06 avg rating — 255,345 ratings"
"Cannery Row (Cannery Row, #1)",John Steinbeck,"4.06 avg rating — 150,315 ratings"
Daisy Jones & The Six,Taylor Jenkins Reid,"4.20 avg rating — 1,785,408 ratings"
A Monster Calls,Patrick Ness,"4.35 avg rating — 284,953 ratings"
"Hyperion (Hyperion Cantos, #1)",Dan Simmons,"4.27 avg rating — 287,748 ratings"
"Little House on the Prairie (Little House, #3)",Laura Ingalls Wilder,"4.21 avg rating — 299,614 ratings"
"Anne of Avonlea (Anne of Green Gables, #2)",L.M. Montgomery,"4.23 avg rating — 219,786 ratings"
A Man Called Ove,Fredrik Backman,"4.38 avg rating — 1,171,560 ratings"
"Heartstopper: Volume One (Heartstopper, #1)",Alice Oseman,"4.43 avg rating — 856,870 ratings"
"Bared to You (Crossfire, #1)",Sylvia Day,"4.13 avg rating — 546,660 ratings"
"They Both Die at the End (They Both Die at the End, #1)",Adam Silvera,"3.75 avg rating — 844,796 ratings"
"Cry, the Beloved Country",Alan Paton,"3.92 avg rating — 78,696 ratings"
Are You My Mother?,P.D. Eastman,"4.22 avg rating — 250,604 ratings"
The Love Hypothesis,Ali Hazelwood,"4.11 avg rating — 1,732,093 ratings"
"Torment (Fallen, #2)",Lauren Kate,"3.84 avg rating — 243,463 ratings"
"Cress (The Lunar Chronicles, #3)",Marissa Meyer,"4.40 avg rating — 397,555 ratings"
The Polar Express,Chris Van Allsburg,"4.32 avg rating — 246,621 ratings"
Sarah's Key,Tatiana de Rosnay,"4.18 avg rating — 490,604 ratings"
"The Red Pyramid (The Kane Chronicles, #1)",Rick Riordan,"4.10 avg rating — 420,257 ratings"
I'll Give You the Sun,Jandy Nelson,"4.15 avg rating — 354,216 ratings"
Cutting for Stone,Abraham   Verghese,"4.33 avg rating — 418,830 ratings"
"Little House in the Big Woods (Little House, #1)",Laura Ingalls Wilder,"4.21 avg rating — 282,460 ratings"
"Perfect Chemistry (Perfect Chemistry, #1)",Simone Elkeles,"4.04 avg rating — 262,836 ratings"
Verity,Colleen Hoover,"4.30 avg rating — 3,578,251 ratings"
Into Thin Air: A Personal Account of the Mt. Everest Disaster,Jon Krakauer,"4.26 avg rating — 553,423 ratings"
"A Great and Terrible Beauty (Gemma Doyle, #1)",Libba Bray,"3.80 avg rating — 225,194 ratings"
"The Darkest Minds (The Darkest Minds, #1)",Alexandra Bracken,"4.15 avg rating — 204,286 ratings"
"Caraval (Caraval, #1)",Stephanie Garber,"3.97 avg rating — 806,726 ratings"
"Angelfall (Penryn & the End of Days, #1)",Susan Ee,"4.10 avg rating — 197,499 ratings"
"The Mortal Instruments Boxed Set: City of Bones; City of Ashes; City of Glass (The Mortal Instruments, #1-3)",Cassandra Clare,"4.55 avg rating — 68,823 ratings"
"The Horse and His Boy (Chronicles of Narnia, #5)",C.S. Lewis,"3.91 avg rating — 383,341 ratings"
"Scarlet (The Lunar Chronicles, #2)",Marissa Meyer,"4.24 avg rating — 453,451 ratings"
"Chocolat (Chocolat, #1)",Joanne Harris,"3.96 avg rating — 129,929 ratings"
The Art of War,Sun Tzu,"3.95 avg rating — 553,446 ratings"
The Westing Game,Ellen Raskin,"3.99 avg rating — 230,877 ratings"
"Sabriel (Abhorsen, #1)",Garth Nix,"4.17 avg rating — 216,307 ratings"
Sapiens: A Brief History of Humankind,Yuval Noah Harari,"4.34 avg rating — 1,209,904 ratings"
The Summoning (Darkest Powers #1),Kelley Armstrong,"4.03 avg rating — 175,803 ratings"
The Last Lecture,Randy Pausch,"4.26 avg rating — 359,964 ratings"
No Country for Old Men,Cormac McCarthy,"4.17 avg rating — 235,424 ratings"
"Better Than the Movies (Better Than the Movies, #1)",Lynn Painter,"4.26 avg rating — 688,886 ratings"
"Silence (Hush, Hush, #3)",Becca Fitzpatrick,"4.07 avg rating — 293,377 ratings"
"Halfway to the Grave (Night Huntress, #1)",Jeaniene Frost,"4.13 avg rating — 163,399 ratings"
"The Unbecoming of Mara Dyer (Mara Dyer, #1)",Michelle Hodkin,"4.01 avg rating — 189,881 ratings"
Just Listen,Sarah Dessen,"4.05 avg rating — 249,909 ratings"
Normal People,Sally Rooney,"3.81 avg rating — 1,774,599 ratings"
"Swann’s Way (In Search of Lost Time, #1)",Marcel Proust,"4.16 avg rating — 66,532 ratings"
"Viciously Yours (Fae Kings of Eden, #1)",Jamie Applegate Hunter,"3.60 avg rating — 41,170 ratings"
Three Cups of Tea: One Man's Mission to Promote Peace ... One School at a Time,Greg Mortenson,"3.66 avg rating — 358,576 ratings"
"The Goose Girl (The Books of Bayern, #1)",Shannon Hale,"4.14 avg rating — 147,593 ratings"
Twelfth Night,William Shakespeare,"3.96 avg rating — 192,081 ratings"
"I Am Number Four (Lorien Legacies, #1)",Pittacus Lore,"3.94 avg rating — 350,007 ratings"
"Powerless (The Powerless Trilogy, #1)",Lauren  Roberts,"4.17 avg rating — 795,238 ratings"
Lady Chatterley’s Lover,D.H. Lawrence,"3.50 avg rating — 135,122 ratings"
"Trainspotting (Mark Renton, #2)",Irvine Welsh,"4.11 avg rating — 175,406 ratings"
The Truth About Forever,Sarah Dessen,"4.12 avg rating — 225,751 ratings"
Nine Stories,J.D. Salinger,"4.18 avg rating — 153,209 ratings"
I Capture the Castle,Dodie Smith,"3.99 avg rating — 113,446 ratings"
"Speaker for the Dead (Ender's Saga, #2)",Orson Scott Card,"4.11 avg rating — 267,740 ratings"
"Ishmael (Ishmael, #1)",Daniel Quinn,"4.01 avg rating — 102,795 ratings"
"Dead to the World (Sookie Stackhouse, #4)",Charlaine Harris,"4.12 avg rating — 265,863 ratings"
"The Last Unicorn (The Last Unicorn, #1)",Peter S. Beagle,"4.16 avg rating — 119,887 ratings"
"Red Rising (Red Rising Saga, #1)",Pierce Brown,"4.27 avg rating — 672,285 ratings"
"The Bronze Horseman (The Bronze Horseman, #1)",Paullina Simons,"4.29 avg rating — 92,772 ratings"
Demian,Hermann Hesse,"4.14 avg rating — 130,431 ratings"
The Hours,Michael Cunningham,"3.96 avg rating — 147,196 ratings"
The Glass Castle,Jeannette Walls,"4.32 avg rating — 1,330,734 ratings"
"You Are Special (Wemmicksville, #1)",Max Lucado,"4.45 avg rating — 53,471 ratings"
The Arabian Nights,Anonymous,"4.03 avg rating — 80,520 ratings"
Taming Flame,Therisa Peimer,"4.29 avg rating — 16,994 ratings"
"Slammed (Slammed, #1)",Colleen Hoover,"4.14 avg rating — 436,613 ratings"
Julius Caesar,William Shakespeare,"3.71 avg rating — 215,871 ratings"
Gray After Dark,Noelle W. Ihli,"4.20 avg rating — 85,697 ratings"
Cyrano de Bergerac,Edmond Rostand,"4.06 avg rating — 89,587 ratings"
"Drums of Autumn (Outlander, #4)",Diana Gabaldon,"4.36 avg rating — 265,384 ratings"
"A Wizard of Earthsea (Earthsea Cycle, #1)",Ursula K. Le Guin,"4.01 avg rating — 350,598 ratings"
"Acheron (Dark-Hunter, #14)",Sherrilyn Kenyon,"4.56 avg rating — 61,345 ratings"
Pericles and Aspasia: A Story of Ancient Greece,Yvonne Korshak,"4.29 avg rating — 15,924 ratings"
No One Can Know,Kate Alice Marshall,"3.65 avg rating — 74,860 ratings"
The Glass Menagerie,Tennessee Williams,"3.74 avg rating — 141,388 ratings"
"World Without End (Kingsbridge, #2)",Ken Follett,"4.32 avg rating — 269,976 ratings"
"Kingdom of Ash (Throne of Glass, #7)",Sarah J. Maas,"4.71 avg rating — 976,731 ratings"
"Good Girl, Bad Blood (A Good Girl's Guide to Murder, #2)",Holly  Jackson,"4.26 avg rating — 732,162 ratings"
"1Q84 (1Q84, #1-3)",Haruki Murakami,"3.95 avg rating — 334,038 ratings"
The Holy Bible: King James Version,Anonymous,"4.44 avg rating — 309,969 ratings"
The Club,Ellery Lloyd,"3.28 avg rating — 122,953 ratings"
"The Knife of Never Letting Go (Chaos Walking, #1)",Patrick Ness,"3.98 avg rating — 202,510 ratings"
"Captive in the Dark (The Dark Duet, #1)",C.J. Roberts,"3.93 avg rating — 74,713 ratings"
"The Scorch Trials (The Maze Runner, #2)",James Dashner,"3.89 avg rating — 629,793 ratings"
"Hunted (House of Night, #5)",P.C. Cast,"3.93 avg rating — 189,762 ratings"
Ask for Andrea,Noelle W. Ihli,"4.08 avg rating — 173,886 ratings"
"A Dog's Purpose (A Dog's Purpose, #1)",W. Bruce Cameron,"4.36 avg rating — 138,618 ratings"
We Need to Talk About Kevin,Lionel Shriver,"4.08 avg rating — 207,850 ratings"
"Carry On (Simon Snow, #1)",Rainbow Rowell,"4.16 avg rating — 330,259 ratings"
"To All the Boys I've Loved Before (To All the Boys I've Loved Before, #1)",Jenny Han,"4.04 avg rating — 1,026,132 ratings"
"The Silver Chair (Chronicles of Narnia, #4)",C.S. Lewis,"3.95 avg rating — 323,637 ratings"
Head Like a Hole,Andrew Van Wey,"3.85 avg rating — 5,778 ratings"
Interpreter of Maladies,Jhumpa Lahiri,"4.18 avg rating — 203,521 ratings"
"Inheritance (The Inheritance Cycle, #4)",Christopher Paolini,"4.16 avg rating — 304,169 ratings"
The Roommate,Kiersten Modglin,"3.78 avg rating — 12,443 ratings"
"Think Twice (Myron Bolitar, #12)",Harlan Coben,"4.24 avg rating — 44,879 ratings"
The Merchant of Venice,William Shakespeare,"3.78 avg rating — 199,700 ratings"
"The Bean Trees (Greer Family, #1)",Barbara Kingsolver,"4.01 avg rating — 170,073 ratings"
"Inferno (Robert Langdon, #4)",Dan    Brown,"3.90 avg rating — 582,441 ratings"
"Wicked Lovely (Wicked Lovely, #1)",Melissa Marr,"3.70 avg rating — 165,921 ratings"
Before I Fall,Lauren Oliver,"3.88 avg rating — 344,612 ratings"
"P.S. I Love You (P.S. I Love You, #1)",Cecelia Ahern,"4.04 avg rating — 394,230 ratings"
Look Closer,David Ellis,"4.17 avg rating — 128,713 ratings"
"Being a Witch, and Other Things I Didn't Ask For",Sara Pascoe,"4.28 avg rating — 26,107 ratings"
"The Secret (The Secret, #1)",Rhonda Byrne,"3.74 avg rating — 521,800 ratings"
"Prince Caspian (Chronicles of Narnia, #2)",C.S. Lewis,"3.98 avg rating — 474,355 ratings"
A Brief History of Time,Stephen Hawking,"4.21 avg rating — 468,691 ratings"
"The Blood of Olympus (The Heroes of Olympus, #5)",Rick Riordan,"4.43 avg rating — 380,122 ratings"
The Bluest Eye,Toni Morrison,"4.13 avg rating — 289,858 ratings"
"The Queen of the Damned (The Vampire Chronicles, #3)",Anne Rice,"3.92 avg rating — 159,790 ratings"
"Not Forever, But For Now",Chuck Palahniuk,"3.05 avg rating — 4,799 ratings"
"Guards! Guards! (Discworld, #8; City Watch, #1)",Terry Pratchett,"4.34 avg rating — 229,958 ratings"
Gravity’s Rainbow,Thomas Pynchon,"4.01 avg rating — 47,081 ratings"
All the King's Men,Robert Penn Warren,"4.09 avg rating — 65,871 ratings"
The Girl Who Was Taken,Charlie Donlea,"4.18 avg rating — 155,611 ratings"
One Day in the Life of Ivan Denisovich,Aleksandr Solzhenitsyn,"3.98 avg rating — 122,768 ratings"
Invisible Monsters,Chuck Palahniuk,"really liked it4.00 avg rating — 149,672 ratings"
Educated,Tara Westover,"4.47 avg rating — 1,784,645 ratings"
"The Eyre Affair (Thursday Next, #1)",Jasper Fforde,"3.88 avg rating — 136,257 ratings"
"Lover Eternal (Black Dagger Brotherhood, #2)",J.R. Ward,"4.32 avg rating — 200,682 ratings"
Because of Winn-Dixie,Kate DiCamillo,"4.10 avg rating — 274,836 ratings"
House of Leaves,Mark Z. Danielewski,"4.09 avg rating — 192,640 ratings"
"As Good As Dead (A Good Girl's Guide to Murder, #3)",Holly  Jackson,"4.19 avg rating — 531,082 ratings"
"The House in the Cerulean Sea (Cerulean Chronicles, #1)",T.J. Klune,"4.37 avg rating — 881,969 ratings"
Seabiscuit: An American Legend,Laura Hillenbrand,"4.23 avg rating — 167,342 ratings"
"Poison Study (Study, #1)",Maria V. Snyder,"4.09 avg rating — 174,393 ratings"
Foucault’s Pendulum,Umberto Eco,"3.91 avg rating — 73,877 ratings"
"Twenty Thousand Leagues Under the Sea (Captain Nemo, #2)",Jules Verne,"3.89 avg rating — 271,540 ratings"
"A Court of Thorns and Roses (A Court of Thorns and Roses, #1)",Sarah J. Maas,"4.16 avg rating — 3,924,430 ratings"
"The Bourne Identity (Jason Bourne, #1)",Robert Ludlum,"4.05 avg rating — 439,450 ratings"
The Ocean at the End of the Lane,Neil Gaiman,"4.02 avg rating — 651,416 ratings"
Project Hail Mary,Andy Weir,"4.50 avg rating — 906,073 ratings"
The Memory Keeper's Daughter,Kim Edwards,"3.70 avg rating — 609,672 ratings"
"Assassin's Apprentice (Farseer Trilogy, #1)",Robin Hobb,"4.19 avg rating — 381,369 ratings"
"City of Ashes (The Mortal Instruments, #2)",Cassandra Clare,"4.11 avg rating — 983,279 ratings"
Mythology,Edith Hamilton,"4.03 avg rating — 59,092 ratings"
Peace Like a River,Leif Enger,"4.03 avg rating — 99,534 ratings"
"Where She Went (If I Stay, #2)",Gayle Forman,"3.97 avg rating — 303,640 ratings"
"House of Earth and Blood (Crescent City, #1)",Sarah J. Maas,"4.45 avg rating — 1,034,175 ratings"
The Night Before Christmas,Clement Clarke Moore,"4.40 avg rating — 126,632 ratings"
Starship Troopers,Robert A. Heinlein,"4.01 avg rating — 242,419 ratings"
A People’s History of the United States: 1492 - Present,Howard Zinn,"4.08 avg rating — 260,573 ratings"
The Shards,Bret Easton Ellis,"really liked it4.00 avg rating — 39,391 ratings"
The Iliad,Homer,"3.93 avg rating — 496,788 ratings"
The Purpose Driven Life: What on Earth Am I Here for?,Rick Warren,"3.98 avg rating — 288,641 ratings"
"The Talisman (The Talisman, #1)",Stephen        King,"4.11 avg rating — 138,816 ratings"
The History of Love,Nicole Krauss,"3.92 avg rating — 139,464 ratings"
"Oedipus Rex  (The Theban Plays, #1)",Sophocles,"3.72 avg rating — 232,609 ratings"
"Simon vs. the Homo Sapiens Agenda (Simonverse, #1)",Becky Albertalli,"4.13 avg rating — 463,168 ratings"
"Oryx and Crake (MaddAddam, #1)",Margaret Atwood,"really liked it4.00 avg rating — 282,687 ratings"
Native Son,Richard Wright,"4.04 avg rating — 103,519 ratings"
Grimm's Fairy Tales,Jacob Grimm,"4.23 avg rating — 219,476 ratings"
"The Fiery Cross (Outlander, #5)",Diana Gabaldon,"4.26 avg rating — 223,620 ratings"
The Yellow Wallpaper and Other Stories,Charlotte Perkins Gilman,"4.07 avg rating — 340,833 ratings"
"The Killer Angels (The Civil War Trilogy, #2)",Michael Shaara,"4.33 avg rating — 90,686 ratings"
"Gone (Gone, #1)",Michael  Grant,"3.87 avg rating — 208,749 ratings"
"One for the Money (Stephanie Plum, #1)",Janet Evanovich,"4.05 avg rating — 574,121 ratings"
"Champion (Legend, #3)",Marie Lu,"4.31 avg rating — 230,570 ratings"
"A Breath of Snow and Ashes (Outlander, #6)",Diana Gabaldon,"4.44 avg rating — 188,853 ratings"
I Am Legend and Other Stories,Richard Matheson,"really liked it4.00 avg rating — 135,284 ratings"
"The Hero of Ages (Mistborn, #3)",Brandon Sanderson,"4.56 avg rating — 552,592 ratings"
"Left Behind (Left Behind, #1)",Tim LaHaye,"3.86 avg rating — 244,346 ratings"
If We Were Villains,M.L. Rio,"4.11 avg rating — 379,790 ratings"
Watchers,Dean Koontz,"4.19 avg rating — 170,343 ratings"
"Corrupt (Devil's Night, #1)",Penelope Douglas,"3.79 avg rating — 399,880 ratings"
Archer's Voice,Mia Sheridan,"4.17 avg rating — 644,815 ratings"
If on a Winter’s Night a Traveler,Italo Calvino,"4.02 avg rating — 108,728 ratings"
"Night Watch (Discworld, #29; City Watch, #6)",Terry Pratchett,"4.50 avg rating — 116,910 ratings"
From the Mixed-Up Files of Mrs. Basil E. Frankweiler,E.L. Konigsburg,"4.16 avg rating — 217,387 ratings"
"One of Us Is Lying (One of Us is Lying, #1)",Karen M. McManus,"3.91 avg rating — 1,021,042 ratings"
"Shadowfever (Fever, #5)",Karen Marie Moning,"4.39 avg rating — 112,152 ratings"
Murder on Family Grounds (Mary Wandwalker #3),Susan  Rowland,"4.30 avg rating — 17,144 ratings"
"Darkfever (Fever, #1)",Karen Marie Moning,"4.05 avg rating — 188,569 ratings"
"Storm Front (The Dresden Files, #1)",Jim  Butcher,"3.97 avg rating — 371,998 ratings"
"Magical Midlife Awakening (Leveling Up, #9)",K.F. Breene,"4.62 avg rating — 10,885 ratings"
The Magus,John Fowles,"4.05 avg rating — 62,545 ratings"
The Midnight Library,Matt Haig,"3.98 avg rating — 2,304,746 ratings"
"The Murder of Roger Ackroyd (Hercule Poirot, #4)",Agatha Christie,"4.26 avg rating — 330,175 ratings"
"Consequences (Consequences, #1)",Aleatha Romig,"3.92 avg rating — 43,158 ratings"
The Wasp Factory,Iain Banks,"3.76 avg rating — 105,354 ratings"
John Adams,David McCullough,"4.08 avg rating — 373,867 ratings"
"Alanna: The First Adventure (Song of the Lioness, #1)",Tamora Pierce,"4.27 avg rating — 135,651 ratings"
"Pretties (Uglies, #2)",Scott Westerfeld,"3.83 avg rating — 277,496 ratings"
"The Death Cure (The Maze Runner, #3)",James Dashner,"3.78 avg rating — 489,758 ratings"
Rosencrantz and Guildenstern Are Dead,Tom Stoppard,"4.04 avg rating — 92,219 ratings"
Possession,A.S. Byatt,"3.90 avg rating — 83,310 ratings"
"Truth (Consequences, #2)",Aleatha Romig,"4.34 avg rating — 32,549 ratings"
"Scythe (Arc of a Scythe, #1)",Neal Shusterman,"4.32 avg rating — 393,270 ratings"
"Death on the Nile (Hercule Poirot, #18)",Agatha Christie,"4.12 avg rating — 295,896 ratings"
Papillon,Henri Charrière,"4.23 avg rating — 74,360 ratings"
Cosmos,Carl Sagan,"4.40 avg rating — 156,098 ratings"
House of Sand and Fog,Andre Dubus III,"3.86 avg rating — 135,539 ratings"
The Sirens of Titan,Kurt Vonnegut Jr.,"4.15 avg rating — 154,282 ratings"
"The Sisterhood of the Traveling Pants (Sisterhood, #1)",Ann Brashares,"3.85 avg rating — 728,814 ratings"
Under the Dome,Stephen        King,"3.93 avg rating — 318,749 ratings"
The Blind Assassin,Margaret Atwood,"3.96 avg rating — 161,561 ratings"
"Odd Thomas (Odd Thomas, #1)",Dean Koontz,"3.99 avg rating — 274,851 ratings"
The Agony and the Ecstasy,Irving Stone,"4.09 avg rating — 94,032 ratings"
"Lover Unbound (Black Dagger Brotherhood, #5)",J.R. Ward,"4.31 avg rating — 139,949 ratings"
Bury My Heart at Wounded Knee: An Indian History of the American West,Dee Brown,"4.26 avg rating — 100,028 ratings"
The Book of Mormon: Another Testament of Jesus Christ,Joseph Smith Jr.,"4.24 avg rating — 89,878 ratings"
On Writing: A Memoir of the Craft,Stephen        King,"4.34 avg rating — 311,242 ratings"
Freakonomics: A Rogue Economist Explores the Hidden Side of Everything,Steven D. Levitt,"4.01 avg rating — 887,461 ratings"
The Drowning Woman,Robyn Harding,"4.04 avg rating — 147,856 ratings"
"Killing Sarai (In the Company of Killers, #1)",J.A. Redmerski,"4.08 avg rating — 32,694 ratings"
Veronika Decides to Die,Paulo Coelho,"3.73 avg rating — 237,913 ratings"
How to Win Friends & Influence People,Dale Carnegie,"4.22 avg rating — 1,115,849 ratings"
A Heartbreaking Work of Staggering Genius,Dave Eggers,"3.69 avg rating — 182,863 ratings"
The Elegance of the Hedgehog,Muriel Barbery,"3.80 avg rating — 196,441 ratings"
Corelli’s Mandolin,Louis de Bernières,"4.03 avg rating — 91,819 ratings"
"The Ballad of Never After (Once Upon a Broken Heart, #2)",Stephanie Garber,"4.49 avg rating — 426,860 ratings"
"It Ain't Me, Babe (Hades Hangmen, #1)",Tillie Cole,"4.04 avg rating — 55,678 ratings"
The Witch of Blackbird Pond,Elizabeth George Speare,"4.03 avg rating — 158,261 ratings"
"Prodigy (Legend, #2)",Marie Lu,"4.22 avg rating — 277,990 ratings"
Something Wicked This Way Comes,Ray Bradbury,"3.90 avg rating — 146,521 ratings"
"I'd Tell You I Love You, But Then I'd Have to Kill You (Gallagher Girls, #1)",Ally Carter,"3.84 avg rating — 192,699 ratings"
"Once Upon a Broken Heart (Once Upon a Broken Heart, #1)",Stephanie Garber,"4.06 avg rating — 587,991 ratings"
Prodigal Summer,Barbara Kingsolver,"4.05 avg rating — 124,441 ratings"
"The Alienist (Dr. Laszlo Kreizler, #1)",Caleb Carr,"4.06 avg rating — 179,784 ratings"
The Polymorph,Max Nowaz,"4.28 avg rating — 15,068 ratings"
"Tears of Tess (Monsters in the Dark, #1)",Pepper Winters,"3.99 avg rating — 42,107 ratings"
The Aeneid,Virgil,"3.87 avg rating — 139,558 ratings"
"A Canticle for Leibowitz (St. Leibowitz, #1)",Walter M. Miller Jr.,"3.99 avg rating — 115,954 ratings"
Song of Solomon,Toni Morrison,"4.15 avg rating — 124,451 ratings"
Digital Fortress,Dan    Brown,"3.70 avg rating — 658,663 ratings"
"Love Story (Love Story, #1)",Erich Segal,"3.65 avg rating — 63,564 ratings"
"Keeper of the Lost Cities (Keeper of the Lost Cities, #1)",Shannon Messenger,"4.40 avg rating — 103,838 ratings"
The Trigger: Hunting the Assassin Who Brought the World to War,Tim Butcher,"3.81 avg rating — 4,045 ratings"
Around the World in Eighty Days,Jules Verne,"3.95 avg rating — 276,100 ratings"
Battle Royale,Koushun Takami,"4.26 avg rating — 83,468 ratings"
"The No. 1 Ladies' Detective Agency (No. 1 Ladies' Detective Agency, #1)",Alexander McCall Smith,"3.81 avg rating — 273,543 ratings"
Holy Bible: New International Version,Anonymous,"4.63 avg rating — 94,763 ratings"
"Inara (Godfrey Davis, #3)",A.R. Merrydew,"4.35 avg rating — 6,252 ratings"
Anthem,Ayn Rand,"3.61 avg rating — 164,613 ratings"
Jitterbug Perfume,Tom Robbins,"4.23 avg rating — 79,873 ratings"
"Tempted (House of Night, #6)",P.C. Cast,"3.95 avg rating — 172,967 ratings"
Ivanhoe,Walter Scott,"3.76 avg rating — 98,101 ratings"
"The High Auction (Wisdom Revolution, #1)",Misba,"4.69 avg rating — 16,539 ratings"
"A Dead and Stormy Night (Nevermore Bookshop Mysteries, #1)",Steffanie Holmes,"3.91 avg rating — 12,623 ratings"
Meditations,Marcus Aurelius,"4.28 avg rating — 324,316 ratings"
Howl and Other Poems,Allen Ginsberg,"4.13 avg rating — 117,651 ratings"
"One Fish, Two Fish, Red Fish, Blue Fish",Dr. Seuss,"4.18 avg rating — 212,899 ratings"
"The Oldest Dance (Wisdom Revolution, #2)",Misba,"4.70 avg rating — 13,550 ratings"
Ficciones,Jorge Luis Borges,"4.40 avg rating — 76,355 ratings"
"Souls Unfractured (Hades Hangmen, #3)",Tillie Cole,"4.41 avg rating — 28,070 ratings"
"Rubinrot (Edelstein-Trilogie, #1)",Kerstin Gier,"4.14 avg rating — 168,163 ratings"
"The Color of Magic (Discworld, #1; Rincewind, #1)",Terry Pratchett,"3.99 avg rating — 414,778 ratings"
"The Lies of Vampires and Slayers (Magic on Main Street, #1)",K.M. Shea,"4.36 avg rating — 8,481 ratings"
"A Court of Wings and Ruin (A Court of Thorns and Roses, #3)",Sarah J. Maas,"4.47 avg rating — 2,516,963 ratings"
"Confessions of a Shopaholic (Shopaholic, #1)",Sophie Kinsella,"3.71 avg rating — 797,288 ratings"
"Ender's Shadow (The Shadow Series, #1)",Orson Scott Card,"4.32 avg rating — 178,242 ratings"
The Story of My Life,Helen Keller,"4.08 avg rating — 150,306 ratings"
"Princess Academy (Princess Academy, #1)",Shannon Hale,"4.04 avg rating — 121,046 ratings"
"A Darker Shade of Magic (Shades of Magic, #1)",V.E. Schwab,"4.04 avg rating — 417,715 ratings"
Mistress Suffragette,Diana   Forbes,"4.29 avg rating — 4,573 ratings"
The Magic Mountain,Thomas Mann,"4.13 avg rating — 57,011 ratings"
A Winter Grave,Peter  May,"4.06 avg rating — 9,185 ratings"
"The Big Sleep (Philip Marlowe, #1)",Raymond Chandler,"3.94 avg rating — 165,787 ratings"
Message in a Bottle,Nicholas Sparks,"3.98 avg rating — 246,117 ratings"
"An Ember in the Ashes (An Ember in the Ashes, #1)",Sabaa Tahir,"4.24 avg rating — 336,053 ratings"
"Antigone (The Theban Plays, #3)",Sophocles,"3.68 avg rating — 171,119 ratings"
The Invention of Hugo Cabret,Brian Selznick,"4.22 avg rating — 188,395 ratings"
The Very Secret Society of Irregular Witches,Sangu Mandanna,"4.05 avg rating — 315,224 ratings"
"The Girl in the Eagle's Talons (Millennium, #7)",Karin Smirnoff,"3.42 avg rating — 18,393 ratings"
"Fablehaven (Fablehaven, #1)",Brandon Mull,"4.14 avg rating — 175,410 ratings"
Stoner,John  Williams,"4.35 avg rating — 224,897 ratings"
One Day,David Nicholls,"3.87 avg rating — 401,289 ratings"
"Club Dead (Sookie Stackhouse, #3)",Charlaine Harris,"4.02 avg rating — 243,603 ratings"
Walk Two Moons,Sharon Creech,"really liked it4.00 avg rating — 172,385 ratings"
"The Assassin's Blade (Throne of Glass, #0.1-0.5)",Sarah J. Maas,"4.21 avg rating — 1,058,574 ratings"
"Living Dead in Dallas (Sookie Stackhouse, #2)",Charlaine Harris,"3.96 avg rating — 261,215 ratings"
Orlando,Virginia Woolf,"3.87 avg rating — 110,342 ratings"
The Power of Myth,Joseph Campbell,"4.26 avg rating — 53,200 ratings"
Keep It in the Family,John Marrs,"4.07 avg rating — 209,022 ratings"
The Shell Seekers,Rosamunde Pilcher,"4.20 avg rating — 118,643 ratings"
It's Kind of a Funny Story,Ned Vizzini,"4.07 avg rating — 260,434 ratings"
This Is How You Lose the Time War,Amal El-Mohtar,"3.85 avg rating — 312,447 ratings"
"Glass Houses (The Morganville Vampires, #1)",Rachel Caine,"3.92 avg rating — 103,103 ratings"
Angle of Repose,Wallace Stegner,"4.24 avg rating — 61,398 ratings"
The Marriage Portrait,Maggie O'Farrell,"4.01 avg rating — 188,964 ratings"
The Jungle Books,Rudyard Kipling,"4.01 avg rating — 88,725 ratings"
The Corrections,Jonathan Franzen,"3.84 avg rating — 194,842 ratings"
Hard-Boiled Wonderland and the End of the World,Haruki Murakami,"4.11 avg rating — 148,999 ratings"
"Lover Revealed (Black Dagger Brotherhood, #4)",J.R. Ward,"4.28 avg rating — 143,040 ratings"
"Haunting Adeline (Cat and Mouse, #1)",H.D. Carlton,"3.95 avg rating — 812,734 ratings"
"The Edge of Never (The Edge of Never, #1)",J.A. Redmerski,"4.22 avg rating — 149,832 ratings"
Cryptonomicon,Neal Stephenson,"4.23 avg rating — 115,855 ratings"
"Heretical Fishing (Heretical Fishing, #1)",Haylock Jobson,"4.27 avg rating — 7,127 ratings"
An Abundance of Katherines,John Green,"3.51 avg rating — 546,023 ratings"
Geek Love,Katherine Dunn,"3.95 avg rating — 71,604 ratings"
The 7 Habits of Highly Effective People: Powerful Lessons in Personal Change,Stephen R. Covey,"4.16 avg rating — 804,484 ratings"
Still Alice,Lisa Genova,"4.32 avg rating — 356,666 ratings"
The Namesake,Jhumpa Lahiri,"4.02 avg rating — 280,680 ratings"
"Lover Avenged (Black Dagger Brotherhood, #7)",J.R. Ward,"4.36 avg rating — 119,446 ratings"
Jude the Obscure,Thomas Hardy,"3.83 avg rating — 74,993 ratings"
"Mary Poppins (Mary Poppins, #1)",P.L. Travers,"4.01 avg rating — 139,290 ratings"
"The Passage (The Passage, #1)",Justin Cronin,"4.05 avg rating — 220,722 ratings"
I Am the Messenger,Markus Zusak,"4.03 avg rating — 167,973 ratings"
"Small Gods (Discworld, #13)",Terry Pratchett,"4.32 avg rating — 130,887 ratings"
Twenty Years Later,Charlie Donlea,"4.19 avg rating — 162,443 ratings"
The White Tiger,Aravind Adiga,"3.77 avg rating — 200,468 ratings"
"Into the Wild (Warriors, #1)",Erin Hunter,"4.32 avg rating — 117,356 ratings"
The Moon Is a Harsh Mistress,Robert A. Heinlein,"4.15 avg rating — 137,172 ratings"
Living Fearless: Exchanging the Lies of the World for the Liberating Truth of God,Jamie Winship,"4.43 avg rating — 3,332 ratings"
Babel,R.F. Kuang,"4.16 avg rating — 407,985 ratings"
"The Restaurant at the End of the Universe (The Hitchhiker's Guide to the Galaxy, #2)",Douglas Adams,"4.20 avg rating — 310,582 ratings"
"Mort (Discworld, #4; Death, #1)",Terry Pratchett,"4.24 avg rating — 266,331 ratings"
Dandelion Wine,Ray Bradbury,"4.09 avg rating — 76,690 ratings"
Chasing the Devil: The Search for Africa's Fighting Spirit,Tim Butcher,"4.13 avg rating — 1,940 ratings"
"The Well of Ascension (Mistborn, #2)",Brandon Sanderson,"4.38 avg rating — 611,848 ratings"
My Name Is Asher Lev,Chaim Potok,"4.24 avg rating — 42,992 ratings"
"Fire (Graceling Realm, #2)",Kristin Cashore,"4.09 avg rating — 192,709 ratings"
"Winter (The Lunar Chronicles, #4)",Marissa Meyer,"4.41 avg rating — 305,319 ratings"
The Omnivore's Dilemma: A Natural History of Four Meals,Michael Pollan,"4.19 avg rating — 209,119 ratings"
Choke,Chuck Palahniuk,"3.71 avg rating — 218,856 ratings"
Between Shades of Gray,Ruta Sepetys,"4.37 avg rating — 269,582 ratings"
The Portrait of a Lady,Henry James,"3.80 avg rating — 84,208 ratings"
The Forgotten Garden,Kate Morton,"4.15 avg rating — 234,884 ratings"
Wild Swans: Three Daughters of China,Jung Chang,"4.30 avg rating — 120,731 ratings"
Howards End,E.M. Forster,"3.96 avg rating — 93,648 ratings"
"Finale (Hush, Hush, #4)",Becca Fitzpatrick,"4.11 avg rating — 184,982 ratings"
"Worm Holes (Quantum Roots, #2)",Kyle Keyes,"4.34 avg rating — 2,105 ratings"
"The Dark Tower (The Dark Tower, #7)",Stephen        King,"4.29 avg rating — 186,001 ratings"
"The Hunt for Red October (Jack Ryan, #3)",Tom Clancy,"4.12 avg rating — 385,628 ratings"
We Have Always Lived in the Castle,Shirley Jackson,"3.92 avg rating — 275,855 ratings"
"The Hawthorne Legacy (The Inheritance Games, #2)",Jennifer Lynn Barnes,"4.19 avg rating — 585,177 ratings"
"The Eden Paradox (Eden Paradox, #1)",Barry Kirwan,"4.21 avg rating — 16,154 ratings"
The Bridges of Madison County,Robert James Waller,"3.71 avg rating — 104,645 ratings"
Tender Is the Night,F. Scott Fitzgerald,"3.77 avg rating — 147,048 ratings"
On Earth We're Briefly Gorgeous,Ocean Vuong,"4.02 avg rating — 379,552 ratings"
"From Blood and Ash (Blood and Ash, #1)",Jennifer L. Armentrout,"4.22 avg rating — 793,398 ratings"
"Linger (The Wolves of Mercy Falls, #2)",Maggie Stiefvater,"3.88 avg rating — 174,495 ratings"
A Room of One’s Own,Virginia Woolf,"4.22 avg rating — 248,459 ratings"
A Walk in the Woods: Rediscovering America on the Appalachian Trail,Bill Bryson,"4.07 avg rating — 437,473 ratings"
The Long Walk,Richard  Bachman,"4.06 avg rating — 228,854 ratings"
The Three Witches and the Master,Max Nowaz,"4.30 avg rating — 18,086 ratings"
"The City of Ember (Book of Ember, #1)",Jeanne DuPrau,"3.90 avg rating — 295,707 ratings"
Ethan Frome,Edith Wharton,"3.45 avg rating — 135,310 ratings"
Deception Point,Dan    Brown,"3.76 avg rating — 692,737 ratings"
No Longer Human,Osamu Dazai,"3.95 avg rating — 232,036 ratings"
"Forrest Gump (Forrest Gump, #1)",Winston Groom,"4.01 avg rating — 71,587 ratings"
The Sea of Tranquility,Katja Millay,"4.29 avg rating — 88,232 ratings"
Survivor,Chuck Palahniuk,"3.93 avg rating — 122,790 ratings"
"The Poppy War (The Poppy War, #1)",R.F. Kuang,"4.17 avg rating — 430,127 ratings"
Turtles All the Way Down,John Green,"3.88 avg rating — 629,044 ratings"
"84, Charing Cross Road",Helene Hanff,"4.16 avg rating — 93,594 ratings"
Exodus,Leon Uris,"4.34 avg rating — 100,975 ratings"
Pale Fire,Vladimir Nabokov,"4.17 avg rating — 56,153 ratings"
The Ruthless Elimination of Hurry: How to Stay Emotionally Healthy and Spiritually Alive in the Chaos of the Modern World,John Mark Comer,"4.51 avg rating — 86,244 ratings"
"Dead as a Doornail (Sookie Stackhouse, #5)",Charlaine Harris,"4.01 avg rating — 223,665 ratings"
"Absalom, Absalom!",William Faulkner,"3.99 avg rating — 47,148 ratings"
Gift from the Sea,Anne Morrow Lindbergh,"4.14 avg rating — 54,879 ratings"
I'm Glad You're Dead: Preternatural Chronicles Book 1,Hunter Blain,"4.22 avg rating — 2,544 ratings"
The Sorrows of Young Werther,Johann Wolfgang von Goethe,"3.69 avg rating — 149,856 ratings"
"Walking Disaster (Beautiful, #2)",Jamie McGuire,"4.14 avg rating — 203,752 ratings"
"A Study in Scarlet (Sherlock Holmes, #1)",Arthur Conan Doyle,"4.13 avg rating — 484,017 ratings"
Where the Heart Is,Billie Letts,"4.04 avg rating — 251,957 ratings"
"Daughter of the Forest  (Sevenwaters, #1)",Juliet Marillier,"4.29 avg rating — 69,932 ratings"
"Kane & Abel (Kane & Abel, #1)",Jeffrey Archer,"4.34 avg rating — 129,132 ratings"
Nausea,Jean-Paul Sartre,"3.93 avg rating — 134,993 ratings"
The Fall,Albert Camus,"4.03 avg rating — 128,830 ratings"
"The Reckoning (Darkest Powers, #3)",Kelley Armstrong,"4.18 avg rating — 118,506 ratings"
The 5 Love Languages: The Secret to Love that Lasts,Gary Chapman,"4.28 avg rating — 470,067 ratings"
Illusions: The Adventures of a Reluctant Messiah,Richard Bach,"4.15 avg rating — 66,046 ratings"
Hello Beautiful,Ann Napolitano,"4.14 avg rating — 503,735 ratings"
Revolutionary Road,Richard Yates,"3.93 avg rating — 92,248 ratings"
Thus Spoke Zarathustra,Friedrich Nietzsche,"4.07 avg rating — 170,538 ratings"
Shakespeare's Sonnets,William Shakespeare,"4.25 avg rating — 110,825 ratings"
"Specials (Uglies, #3)",Scott Westerfeld,"3.75 avg rating — 202,268 ratings"
"The Amulet of Samarkand (Bartimaeus, #1)",Jonathan Stroud,"4.04 avg rating — 133,606 ratings"
"The Awakening (Darkest Powers, #2)",Kelley Armstrong,"4.14 avg rating — 117,532 ratings"
Cold Sassy Tree,Olive Ann Burns,"4.02 avg rating — 104,958 ratings"
Heartless,Marissa Meyer,"4.09 avg rating — 245,393 ratings"
"The Millennium Trilogy (Millennium Trilogy, #1-3)",Stieg Larsson,"4.47 avg rating — 57,077 ratings"
"The Mysterious Benedict Society (The Mysterious Benedict Society, #1)",Trenton Lee Stewart,"4.20 avg rating — 172,324 ratings"
"Definitely Dead (Sookie Stackhouse, #6)",Charlaine Harris,"4.02 avg rating — 210,158 ratings"
The Hotel New Hampshire,John Irving,"3.93 avg rating — 68,094 ratings"
"Breaking Dawn (The Twilight Saga, #4)",Stephenie Meyer,"3.75 avg rating — 1,838,271 ratings"
"The Ruins of Gorlan (Ranger's Apprentice, #1)",John Flanagan,"4.26 avg rating — 172,171 ratings"
Beach Read,Emily Henry,"3.98 avg rating — 1,542,623 ratings"
"The Ballad of Songbirds and Snakes (The Hunger Games, #0)",Suzanne Collins,"3.99 avg rating — 1,087,800 ratings"
"Reflected in You (Crossfire, #2)",Sylvia Day,"4.30 avg rating — 362,989 ratings"
"Guilty Pleasures (Anita Blake, Vampire Hunter, #1)",Laurell K. Hamilton,"4.02 avg rating — 152,371 ratings"
The Immortal Life of Henrietta Lacks,Rebecca Skloot,"4.13 avg rating — 789,632 ratings"
The Fountainhead,Ayn Rand,"3.89 avg rating — 334,377 ratings"
A Million Little Pieces,James Frey,"3.69 avg rating — 261,306 ratings"
"Kingdom of Ash (Throne of Glass, #7)",Sarah J. Maas,"4.71 avg rating — 976,731 ratings"
The Brief Wondrous Life of Oscar Wao,Junot Díaz,"3.89 avg rating — 275,542 ratings"
